"","BIN","Accident.Report.ID","Incident.Date","Record.Type.Description","Check2.Description","Fatality","Injury","House.Number","Street.Name","Borough","Block","Lot","Postcode","Latitude","Longitude","Community.Board","Council.District","BBL","Census.Tract..2020.","Neighborhood.Tabulation.Area..NTA...2020."
"1",2130685,43974,2024-11-14,"Accident","Other Construction Related",0,1,"221 D","MANIDA STREET","Bronx",2777,100,10474,40.805223,-73.885975,202,17,2027770100,9302,"BX0201"
"2",3429247,43925,2024-11-05,"Accident","Worker Fell",0,1,"487","4 AVENUE","Brooklyn",1028,7,11215,40.668453,-73.990289,306,38,3010280007,139,"BK0602"
"3",1083810,45289,2025-11-18,"Accident","Other Construction Related",0,1,"1000","5 AVENUE","Manhattan",1111,1,10028,40.778633,-73.962546,164,6,1011110001,143,"MN6491"
"4",3428561,43920,2024-11-04,"Accident","Other Construction Related",0,1,"1215","FULTON STREET","Brooklyn",1842,15,11216,40.680609,-73.952845,303,36,3018420015,245,"BK0301"
"5",1072007,43931,2024-11-07,"Accident","Worker Fell",0,1,"667","MADISON AVENUE","Manhattan",1375,49,10065,40.764613,-73.97024,108,4,1013750049,11401,"MN0802"
"6",1079064,45077,2025-09-24,"Accident","Worker Fell",0,1,"55","John street","Manhattan",78,7511,10038,40.708988,-74.007654,101,1,1000787511,1502,"MN0101"
"7",1033105,43967,2024-11-18,"Accident","Material Failure (Fell)",0,1,"215","WEST 84 STREET","Manhattan",1232,14,10024,40.786643,-73.976607,107,6,1012320014,171,"MN0702"
"8",1080352,43945,2024-11-11,"Accident","Worker Fell",0,1,"450","11 AVENUE","Manhattan",708,65,10018,40.757406,-74.000787,104,3,1007080065,9903,"MN0401"
"9",1085694,43965,2024-11-18,"Accident","Worker Fell",0,1,"540","1 AVENUE","Manhattan",962,108,10016,40.742066,-73.974757,106,4,1009620108,62,"MN0603"
"10",3842240,43930,2024-11-05,"Accident","Other Construction Related",0,1,"15","HUDSON AVENUE","Brooklyn",6,1,11201,40.704645,-73.980975,302,33,NA,21,"BK0202"
"11",1080458,43983,2024-11-21,"Accident","Worker Fell",0,1,"300","EAST 50 STREET","Manhattan",1342,51,10022,40.75472,-73.968172,106,4,1013420051,98,"MN0604"
"12",3058599,43926,2024-11-05,"Accident","Worker Fell",0,1,"19","ROCKWELL PLACE","Brooklyn",2095,10,11217,40.689285,-73.979418,302,35,3020950010,33,"BK0203"
"13",3061068,43957,2024-11-15,"Accident","Worker Fell",0,1,"316","RUTLEDGE STREET","Brooklyn",2228,16,11211,40.705427,-73.951825,301,33,3022280016,529,"BK0103"
"14",1080352,43993,2024-11-23,"Accident","Scaffold/Shoring Installations",0,1,"450","11 AVENUE","Manhattan",708,65,10018,40.757406,-74.000787,104,3,1007080065,9903,"MN0401"
"15",1091054,44019,2024-12-02,"Accident","Worker Fell",0,1,"144","WEST 125 STREET","Manhattan",1909,9,10027,40.808523,-73.947278,110,9,1019090009,222,"MN1001"
"16",5024250,43994,2024-11-23,"Incident","Other Construction Related",0,0,"269","PORT RICHMOND AVENUE","Staten Island",1036,4,10302,40.634673,-74.135621,501,49,5010360004,213,"SI0106"
"17",1091728,44021,2024-12-02,"Accident","Worker Fell",0,1,"18","WEST 55 STREET","Manhattan",1270,44,10019,40.762023,-73.975782,105,4,1012700044,104,"MN0502"
"18",2008433,45080,2025-09-25,"Accident","Worker Fell",0,1,"1600","MACOMBS ROAD","Bronx",2865,134,10452,40.845745,-73.917105,205,14,2028650134,217,"BX0501"
"19",1083699,44026,2024-12-03,"Accident","Mechanical Construction Equipment",0,2,"8","PETER COOPER ROAD","Manhattan",978,1,10010,40.734191,-73.975168,106,4,1009780001,60,"MN0601"
"20",3058215,42996,2024-03-21,"Incident","Scaffold/Shoring Installations",0,1,"71","PRINCE STREET","Brooklyn",2050,100,11201,40.695332,-73.982413,302,35,3020500100,1501,"BK0202"
"21",4437366,43487,2024-07-09,"Accident","Other Construction Related",0,1,"48-37","48 STREET","Queens",2292,7,11377,40.738775,-73.917667,402,26,4022920007,23501,"QN0202"
"22",1081137,43564,2024-07-29,"Accident","Worker Fell",0,1,"14","WEST 57 STREET","Manhattan",1272,47,10019,40.763282,-73.974742,105,4,1012720047,11201,"MN0502"
"23",4441727,43368,2024-06-12,"Accident","Worker Fell",0,1,"28-90","REVIEW AVENUE","Queens",294,106,11101,40.738263,-73.940676,402,26,4002940106,19902,"QN0202"
"24",1091777,42649,2024-01-03,"Accident","Material Failure (Fell)",0,1,"740","8 AVENUE","Manhattan",1017,1,10036,40.759546,-73.988095,105,3,1010170001,119,"MN0502"
"25",2130734,43623,2024-08-12,"Accident","Other Construction Related",0,1,"1","ORCHARD BEACH","Bronx",5650,1,10464,40.867456,-73.797494,228,13,2056500001,504,"BX2891"
"26",3058411,42655,2024-01-05,"Accident","Worker Fell",0,1,"240","WILLOUGHBY STREET","Brooklyn",2088,25,11201,40.691903,-73.97827,302,35,3020880025,3101,"BK0203"
"27",3429225,42707,2024-01-16,"Incident","Excavation/Soil Work",0,0,"498","UNION STREET","Brooklyn",439,1,11215,40.67921,-73.987691,306,39,3004390001,11901,"BK0601"
"28",4623202,43014,2024-03-25,"Accident","Other Construction Related",0,1,"35-15","19 AVENUE","Queens",814,10,11105,40.780061,-73.901942,401,22,4008140010,10701,"QN0101"
"29",1082792,43194,2024-04-29,"Accident","Material Failure (Fell)",0,1,"335","8 AVENUE","Manhattan",751,20,10001,40.747563,-73.996849,104,3,1007510020,97,"MN0401"
"30",1001416,43260,2024-05-15,"Accident","Mechanical Construction Equipment",0,2,"240","GREENWICH STREET","Manhattan",128,2,10007,40.714055,-74.011612,101,1,1001280002,21,"MN0102"
"31",1091775,43395,2024-06-18,"Accident","Worker Fell",0,1,"64","UNIVERSITY PLACE","Manhattan",568,21,10003,40.732953,-73.993635,102,2,1005687501,61,"MN0202"
"32",1036892,42723,2024-01-19,"Accident","Mechanical Construction Equipment",0,1,"126","EAST 57 STREET","Manhattan",1311,60,10022,40.761118,-73.969609,105,4,1013110013,11203,"MN0604"
"33",1091739,43345,2024-06-07,"Accident","Mechanical Construction Equipment",0,1,"40","WEST 137 STREET","Manhattan",1734,2,10037,40.814603,-73.938039,110,9,1017340002,212,"MN1002"
"34",3330085,44027,2024-12-03,"Accident","Worker Fell",0,1,"79","QUAY STREET","Brooklyn",2589,1,11222,40.726245,-73.958095,301,33,3025890001,561,"BK0101"
"35",1089412,44874,2025-08-04,"Accident","Other Construction Related",0,1,"55","HUDSON YARD","Manhattan",705,1,10001,40.755446,-74.00222,104,3,1007050001,9903,"MN0401"
"36",3429464,44040,2024-12-09,"Accident","Other Construction Related",0,1,"2440","FULTON STREET","Brooklyn",1554,16,11233,40.677869,-73.903473,316,37,3015540016,367,"BK1601"
"37",1033308,44049,2024-12-12,"Incident","Mechanical Construction Equipment",0,0,"206","WEST 90 STREET","Manhattan",1237,17,10024,40.790496,-73.973764,107,6,1012370017,175,"MN0702"
"38",4441727,44932,2025-08-22,"Accident","Other Construction Related",0,1,"28-90","REVIEW AVENUE","Queens",294,106,11101,40.738263,-73.940676,402,26,4002940106,19902,"QN0202"
"39",4005002,44935,2025-08-22,"Accident","Other Construction Related",0,1,"41-08","CRESCENT STREET","Queens",414,23,11101,40.751972,-73.93935,401,26,4004140023,3301,"QN0105"
"40",4619459,44060,2024-12-14,"Accident","Worker Fell",0,1,"23-15","44 ROAD","Queens",436,1,11101,40.748365,-73.944557,402,26,4004360001,1903,"QN0201"
"41",3058215,44056,2024-12-13,"Accident","Other Construction Related",0,1,"71","PRINCE STREET","Brooklyn",2050,100,11201,40.695332,-73.982413,302,35,3020500100,1501,"BK0202"
"42",4003495,44053,2024-12-13,"Accident","Other Construction Related",0,1,"43-14","QUEENS STREET","Queens",266,27,11101,40.747075,-73.939149,402,26,4002660027,1902,"QN0201"
"43",1077363,43887,2024-10-26,"Accident","Material Failure (Fell)",0,1,"712","5 AVENUE","Manhattan",1271,38,10019,40.762495,-73.975193,105,4,1012710038,104,"MN0502"
"44",3124075,45118,2025-10-07,"Incident","Scaffold/Shoring Installations",0,0,"23","OCEAN PARKWAY","Brooklyn",5322,4,11218,40.650467,-73.97361,307,40,3053220004,50401,"BK0701"
"45",3058215,43904,2024-10-31,"Accident","Other Construction Related",0,1,"71","PRINCE STREET","Brooklyn",2050,100,11201,40.695332,-73.982413,302,35,3020500100,1501,"BK0202"
"46",1052455,44084,2024-12-23,"Incident","Scaffold/Shoring Installations",0,0,"2005","3 AVENUE","Manhattan",1660,1,10029,40.794223,-73.942732,111,8,1016607503,180,"MN1102"
"47",1091823,43909,2024-11-01,"Incident","Other Construction Related",0,0,"3","ST MARKS PLACE","Manhattan",464,59,10003,40.729384,-73.989497,103,2,1004640059,38,"MN0303"
"48",1091788,45119,2025-10-08,"Accident","Other Construction Related",0,1,"255","EAST 39 STREET","Manhattan",920,28,10016,40.748247,-73.974347,106,4,NA,88,"MN0603"
"49",4003495,43901,2024-10-30,"Accident","Material Failure (Fell)",0,1,"43-14","QUEENS STREET","Queens",266,27,11101,40.747075,-73.939149,402,26,4002660027,1902,"QN0201"
"50",1035336,43900,2024-10-30,"Accident","Worker Fell",0,1,"50","EAST 42 STREET","Manhattan",1276,51,10017,40.752702,-73.97907,105,4,1012760051,82,"MN0502"
"51",1005641,43929,2024-11-06,"Incident","Excavation/Soil Work",0,0,"327","BROOME STREET","Manhattan",423,17,10002,40.719207,-73.993835,103,1,1004230017,18,"MN0302"
"52",1045571,43937,2024-10-31,"Notification","Other Construction Related",0,1,"1233","YORK AVENUE","Manhattan",1461,21,10065,40.763195,-73.956429,108,5,1014610021,116,"MN0801"
"53",2130518,45123,2025-10-09,"Incident","Scaffold/Shoring Installations",0,0,"3019","CORLEAR AVENUE","Bronx",5711,45,10463,40.879381,-73.908648,208,11,2057110045,289,"BX0802"
"54",1083719,45132,2025-10-12,"Incident","Material Failure (Fell)",0,0,"1345","6 AVENUE","Manhattan",1007,29,10105,40.762605,-73.97846,105,6,1010070029,137,"MN0502"
"55",1035371,44749,2025-06-28,"Incident","Other Construction Related",0,0,"343","MADISON AVENUE","Manhattan",1279,23,10017,40.754253,-73.97821,105,4,1012790023,94,"MN0502"
"56",1040751,45094,2025-09-29,"Notification","Other Construction Related",0,0,"781","5 AVENUE","Manhattan",1374,1,10022,40.764454,-73.972871,108,4,1013740001,11401,"MN0802"
"57",4005002,45296,2025-11-21,"Accident","Other Construction Related",0,1,"41-02","CRESCENT STREET","Queens",414,23,11101,40.752027,-73.939299,401,26,4004140023,3301,"QN0105"
"58",3128660,43603,2024-08-07,"Accident","Excavation/Soil Work",0,1,"4609","16 AVENUE","Brooklyn",5437,106,11204,40.632598,-73.983874,312,44,3054370001,476,"BK1202"
"59",4618910,43385,2024-06-15,"Incident","Other Construction Related",0,0,"35-32","LEAVITT STREET","Queens",4960,29,11354,40.76438,-73.828871,407,20,4049600029,869,"QN0707"
"60",4618910,43880,2024-10-25,"Accident","Worker Fell",0,1,"35-32","LEAVITT STREET","Queens",4960,29,11354,40.76438,-73.828871,407,20,4049600029,869,"QN0707"
"61",3144185,45074,2025-09-23,"Accident","Worker Fell",0,1,"6414","8 AVENUE","Brooklyn",5821,43,11220,40.633089,-74.012073,310,38,3058210043,120,"BK1002"
"62",1052455,43575,2024-08-01,"Accident","Worker Fell",0,1,"2005","3 AVENUE","Manhattan",1660,1,10029,40.794223,-73.942732,111,8,1016607503,180,"MN1102"
"63",3428817,42726,2024-01-19,"Accident","Worker Fell",0,1,"268","BARBEY STREET","Brooklyn",3964,8,11207,40.676365,-73.888452,305,37,3039647501,1198,"BK0502"
"64",1091010,43087,2024-04-07,"Incident","Mechanical Construction Equipment",0,0,"270","PARK AVENUE","Manhattan",1283,21,10017,40.755641,-73.975109,105,4,1012830021,94,"MN0502"
"65",1091010,42665,2024-01-08,"Accident","Material Failure (Fell)",0,1,"270","PARK AVENUE","Manhattan",1283,21,10017,40.755641,-73.975109,105,4,1012830021,94,"MN0502"
"66",3058215,43367,2024-06-11,"Accident","Other Construction Related",0,1,"71","PRINCE STREET","Brooklyn",2050,100,11201,40.695332,-73.982413,302,35,3020500100,1501,"BK0202"
"67",1091781,43027,2024-03-28,"Accident","Material Failure (Fell)",0,1,"32","WEST 48 STREET","Manhattan",1263,55,10036,40.757978,-73.979783,105,4,1012630055,96,"MN0502"
"68",3023674,43266,2024-05-17,"Incident","Other Construction Related",0,0,"195","15 STREET","Brooklyn",1041,7501,11215,40.66595,-73.990084,306,38,3010417501,14101,"BK0602"
"69",1081137,43670,2024-08-26,"Accident","Other Construction Related",0,1,"14","WEST 57 STREET","Manhattan",1272,47,10019,40.763282,-73.974742,105,4,1012720047,11201,"MN0502"
"70",3853823,44745,2025-06-27,"Accident","Mechanical Construction Equipment",0,1,"371","NOSTRAND AVENUE","Brooklyn",1818,2,11216,40.685271,-73.950541,303,36,3018180002,249,"BK0301"
"71",3177549,42724,2024-01-19,"Accident","Worker Fell",0,1,"815","KINGS HIGHWAY","Brooklyn",6665,14,11223,40.606556,-73.964397,315,44,3066650014,418,"BK1501"
"72",1084081,43305,2024-05-28,"Notification","Mechanical Construction Equipment",0,0,"160","CONVENT AVENUE","Manhattan",1957,200,10031,40.819196,-73.950221,109,9,1019570200,21703,"MN0902"
"73",1083929,42941,2024-03-11,"Accident","Mechanical Construction Equipment",0,4,"1901","1 AVENUE","Manhattan",1669,1,10029,40.784557,-73.94378,111,8,1016690001,15602,"MN1101"
"74",3429585,43041,2024-03-30,"Accident","Other Construction Related",0,1,"424","CARROLL STREET","Brooklyn",453,1,11215,40.677884,-73.988402,306,39,3004530001,11901,"BK0601"
"75",2826970,43347,2024-06-07,"Accident","Worker Fell",0,1,"334","EAST 176 STREET","Bronx",2892,34,10457,40.847472,-73.903209,205,15,2028920034,231,"BX0502"
"76",2017263,43017,2024-03-26,"Accident","Worker Fell",0,1,"261","EAST 202 STREET","Bronx",3308,92,10458,40.872791,-73.884688,207,11,2033080092,413,"BX0702"
"77",4623202,43426,2024-06-25,"Accident","Worker Fell",0,1,"35-15","19 AVENUE","Queens",814,10,11105,40.780061,-73.901942,401,22,4008140010,10701,"QN0101"
"78",3332217,43170,2024-04-22,"Accident","Other Construction Related",0,1,"92","centre mall","Brooklyn",538,1,11231,40.674833,-74.003558,306,38,3005380001,85,"BK0601"
"79",1091643,43218,2024-05-06,"Accident","Mechanical Construction Equipment",0,1,"310","HUDSON STREET","Manhattan",579,47,10013,40.726168,-74.007494,102,3,1005790047,37,"MN0201"
"80",1014744,43447,2024-06-27,"Notification","Material Failure (Fell)",0,1,"143","WEST 20 STREET","Manhattan",796,13,10011,40.741786,-73.995933,104,3,1007960013,87,"MN0401"
"81",2130750,43809,2024-10-07,"Accident","Worker Fell",0,1,"1600","GRAND AVENUE","Bronx",2865,160,10453,40.84647,-73.916753,205,14,2028650160,217,"BX0501"
"82",3426897,42793,2024-02-05,"Accident","Worker Fell",0,1,"320","KENT AVENUE","Brooklyn",2414,26,11249,40.713782,-73.967211,301,33,3024140026,551,"BK0102"
"83",1033105,43169,2024-04-22,"Accident","Worker Fell",0,1,"211","WEST 84 STREET","Manhattan",1232,14,10024,40.786594,-73.976488,107,6,1012320014,171,"MN0702"
"84",1000821,42944,2024-03-11,"Incident","Material Failure (Fell)",0,0,"55","BROAD STREET","Manhattan",25,1,10004,40.705189,-74.011505,101,1,1000250001,9,"MN0101"
"85",4452207,44374,2025-03-10,"Incident","Excavation/Soil Work",0,0,"109-25","MERRICK BOULEVARD","Queens",10262,11,11433,40.696782,-73.783742,412,27,4102620011,414,"QN1202"
"86",3429084,43238,2024-05-09,"Incident","Excavation/Soil Work",0,0,"624","METROPOLITAN AVENUE","Brooklyn",2762,14,11211,40.714156,-73.948301,301,34,3027620014,503,"BK0104"
"87",1088749,43235,2024-05-09,"Incident","Other Construction Related",0,0,"1","MADISON AVENUE","Manhattan",853,2,10010,40.740909,-73.987947,105,2,1008530002,56,"MN0501"
"88",3429327,43330,2024-06-04,"Accident","Worker Fell",0,1,"625","FULTON STREET","Brooklyn",2094,1,11201,40.688566,-73.980045,302,35,3020940001,33,"BK0203"
"89",1086331,43102,2024-04-10,"Accident","Worker Fell",0,1,"111","ANDES ROAD","Manhattan",1,111,10004,40.692552,-74.016281,101,1,1000010111,5,"MN0191"
"90",1083858,43526,2024-07-18,"Accident","Worker Fell",0,1,"550","5 AVENUE","Manhattan",1261,36,10036,40.755626,-73.979336,105,4,1012610036,96,"MN0502"
"91",1082731,43600,2024-08-06,"Accident","Other Construction Related",0,1,"480","SECOND AVENUE","Manhattan",934,1,10016,40.740485,-73.978998,106,2,1009340001,66,"MN0603"
"92",4003416,42937,2024-03-11,"Accident","Other Construction Related",0,1,"31-28","northern blvd","Queens",239,111,11101,40.751719,-73.933283,401,26,4002390111,17102,"QN0161"
"93",1044694,43407,2024-06-19,"Notification","Other Construction Related",0,1,"337","EAST 64 STREET","Manhattan",1439,7503,10065,40.763336,-73.961093,108,5,1014397503,118,"MN0801"
"94",1081163,43786,2024-09-30,"Accident","Worker Fell",0,1,"126","EAST 56 STREET","Manhattan",1310,63,10022,40.760465,-73.970151,105,4,1013100063,100,"MN0604"
"95",2130506,43630,2024-08-14,"Accident","Other Construction Related",0,1,"1223","SPOFFORD AVENUE","Bronx",2738,2,10474,40.813898,-73.890537,202,17,2027380002,9301,"BX0201"
"96",3109443,43015,2024-03-26,"Accident","Worker Fell",0,2,"3421","SNYDER AVENUE","Brooklyn",4888,33,11203,40.649186,-73.945238,317,40,3048880033,856,"BK1701"
"97",1017122,43735,2024-09-12,"Accident","Other Construction Related",0,1,"200","MADISON AVENUE","Manhattan",865,14,10016,40.748528,-73.982413,105,4,1008650014,82,"MN0502"
"98",1083700,43469,2024-07-01,"Accident","Other Construction Related",0,1,"601","EAST 20 STREET","Manhattan",978,1,10010,40.732967,-73.975298,106,4,1009780001,60,"MN0601"
"99",1091731,43376,2024-06-14,"Accident","Worker Fell",0,1,"200","EAST 75 STREET","Manhattan",1429,45,10021,40.771548,-73.958849,108,5,1014290045,134,"MN0801"
"100",4623245,42985,2024-03-19,"Accident","Worker Fell",0,1,"331","BEACH 35 STREET","Queens",15825,7,11691,40.596108,-73.767699,414,31,4158250007,992,"QN1401"
"101",1005723,43114,2024-04-12,"Accident","Other Construction Related",0,1,"183","CHRYSTIE STREET","Manhattan",426,35,10002,40.721548,-73.992096,103,1,1004260035,3601,"MN0302"
"102",3000603,43145,2024-04-16,"Accident","Worker Fell",0,1,"100","FLATBUSH AVENUE","Brooklyn",174,23,11217,40.685511,-73.978525,302,33,3001747502,39,"BK0202"
"103",4623202,42848,2024-02-20,"Accident","Worker Fell",0,1,"35-15","19 AVENUE","Queens",814,10,11105,40.780061,-73.901942,401,22,4008140010,10701,"QN0101"
"104",4209632,43629,2024-08-13,"Accident","Worker Fell",0,1,"90-02","168 STREET","Queens",9796,63,11432,40.707675,-73.793344,412,27,4097960063,460,"QN1201"
"105",2826970,42666,2024-01-08,"Accident","Material Failure (Fell)",0,1,"334","EAST 176 STREET","Bronx",2892,34,10457,40.847472,-73.903209,205,15,2028920034,231,"BX0502"
"106",1079184,42846,2024-02-19,"Accident","Other Construction Related",0,1,"261","11 AVENUE","Manhattan",673,1,10001,40.751502,-74.005118,104,3,1006730001,9902,"MN0401"
"107",3429227,43772,2024-09-25,"Accident","Worker Fell",0,1,"65","DUPONT STREET","Brooklyn",2487,17,11222,40.735668,-73.957396,301,33,3024870017,56301,"BK0101"
"108",1022678,45109,2025-10-03,"Accident","Other Construction Related",0,1,"1211","AVENUE OF THE AMERICAS","Manhattan",1000,29,10036,40.758393,-73.981537,105,4,1010000029,125,"MN0502"
"109",1033105,43538,2024-07-22,"Accident","Material Failure (Fell)",0,1,"211","WEST 84 STREET","Manhattan",1232,14,10024,40.786594,-73.976488,107,6,1012320014,171,"MN0702"
"110",3338507,43706,2024-09-05,"Incident","Excavation/Soil Work",0,0,"1388","BUSHWICK AVENUE","Brooklyn",3438,33,11207,40.684868,-73.910025,304,37,3034380033,403,"BK0402"
"111",1027184,43640,2024-08-16,"Accident","Other Construction Related",0,1,"755","12 AVENUE","Manhattan",1109,100,10019,40.768668,-73.995404,104,3,1011090100,13501,"MN0402"
"112",3425949,43429,2024-06-25,"Accident","Material Failure (Fell)",0,1,"414","VANDALIA AVENUE","Brooklyn",4452,249,11239,40.654526,-73.876642,305,42,3044520249,107001,"BK0504"
"113",3429585,42688,2024-01-12,"Accident","Mechanical Construction Equipment",0,1,"420","CARROLL STREET","Brooklyn",453,1,11215,40.677917,-73.988488,306,39,3004530001,11901,"BK0601"
"114",1036068,43704,2024-09-05,"Accident","Worker Fell",0,1,"470","PARK AVENUE","Manhattan",1293,37,10022,40.762123,-73.970389,105,4,1012930037,11202,"MN0502"
"115",4003416,43394,2024-06-18,"Incident","Mechanical Construction Equipment",0,0,"31-28","NORTHERN BOULEVARD","Queens",239,111,11101,40.751719,-73.933283,401,26,4002390111,17102,"QN0161"
"116",1035721,45299,2025-11-24,"Accident","Material Failure (Fell)",0,1,"665","5 AVENUE","Manhattan",1288,69,10022,40.760154,-73.97601,105,4,1012880069,102,"MN0502"
"117",3079686,45152,2025-10-16,"Incident","Other Construction Related",0,0,"81","COOPER STREET","Brooklyn",3433,52,11207,40.685795,-73.90931,304,37,3034330052,403,"BK0402"
"118",1014167,43484,2024-07-08,"Accident","Worker Fell",0,1,"280","8 AVENUE","Manhattan",774,1,10001,40.746043,-73.997928,104,3,1007740001,91,"MN0401"
"119",2001029,42926,2024-03-07,"Accident","Worker Fell",0,1,"120","EAST 144 STREET","Bronx",2344,112,10451,40.816951,-73.929876,201,8,2023440112,6301,"BX0401"
"120",1004377,43680,2024-08-28,"Accident","Worker Fell",0,1,"270","EAST 2 STREET","Manhattan",372,64,10009,40.720822,-73.980602,103,2,1003720064,2202,"MN0303"
"121",1036511,43105,2024-04-10,"Accident","Material Failure (Fell)",0,1,"660","LEXINGTON AVENUE","Manhattan",1310,14,10022,40.759812,-73.969957,105,4,1013100014,100,"MN0604"
"122",3124949,43437,2024-06-26,"Accident","Other Construction Related",0,1,"3914","15 AVENUE","Brooklyn",5346,43,11218,40.637832,-73.982042,312,39,3053460043,228,"BK1202"
"123",1088888,43216,2024-05-06,"Accident","Worker Fell",0,1,"124","WEST 23 STREET","Manhattan",798,7507,10011,40.743287,-73.993724,104,3,1007987507,91,"MN0401"
"124",1030307,42971,2024-03-15,"Accident","Other Construction Related",0,1,"537","WEST 59 STREET","Manhattan",1151,12,10019,40.770899,-73.98874,107,6,1011510012,147,"MN0701"
"125",1022687,43595,2024-08-06,"Incident","Material Failure (Fell)",0,0,"170","WEST 48 STREET","Manhattan",1000,64,10105,40.759417,-73.98319,105,4,1010000064,125,"MN0502"
"126",1014251,42791,2024-02-05,"Accident","Worker Fell",0,1,"220","WEST 28 STREET","Manhattan",777,18,10001,40.747582,-73.994197,105,3,1007770018,95,"MN0501"
"127",2001876,43329,2024-06-04,"Accident","Worker Fell",1,0,"629","COURTLANDT AVENUE","Bronx",2411,41,10451,40.818423,-73.918714,201,17,2024110041,67,"BX0102"
"128",3065351,43348,2024-06-07,"Accident","Worker Fell",0,1,"123","MESEROLE AVENUE","Brooklyn",2597,33,11222,40.727264,-73.952217,301,33,3025970033,561,"BK0101"
"129",2130596,43192,2024-04-29,"Accident","Excavation/Soil Work",0,1,"6201","BROADWAY","Bronx",5825,1576,10471,40.896116,-73.896761,208,11,2058251576,351,"BX0803"
"130",3429595,42924,2024-03-07,"Accident","Worker Fell",0,1,"180","ASHLAND PLACE","Brooklyn",2095,26,11217,40.689356,-73.978567,302,35,3020950026,33,"BK0203"
"131",1087645,42672,2024-01-09,"Accident","Mechanical Construction Equipment",0,5,"3880","9 AVENUE","Manhattan",2189,60,10034,40.864118,-73.916764,112,10,1021890060,299,"MN1203"
"132",1001004,43826,2024-10-11,"Accident","Worker Fell",0,1,"60","WALL STREET","Manhattan",40,3,10005,40.705914,-74.008609,101,1,1000400003,7,"MN0101"
"133",3429327,43251,2024-05-13,"Accident","Worker Fell",0,1,"625","FULTON STREET","Brooklyn",2094,1,11201,40.688566,-73.980045,302,35,3020940001,33,"BK0203"
"134",1044935,43690,2024-08-30,"Accident","Worker Fell",0,1,"330","east 75 street","Manhattan",1449,7501,10021,40.769916,-73.95498,108,5,1014497501,134,"MN0801"
"135",4436573,43286,2024-05-23,"Accident","Worker Fell",0,2,"2-29","50 AVENUE","Queens",17,1,11101,40.743502,-73.95808,402,26,4000170001,101,"QN0201"
"136",1023724,43943,2024-11-11,"Accident","Other Construction Related",0,1,"125","WEST 57 STREET","Manhattan",1010,15,10019,40.764727,-73.978142,105,6,1010100015,137,"MN0502"
"137",3429228,43495,2024-07-10,"Accident","Material Failure (Fell)",0,1,"75","DUPONT STREET","Brooklyn",2487,18,11222,40.735698,-73.957082,301,33,3024870018,56301,"BK0101"
"138",1023724,43109,2024-04-11,"Accident","Worker Fell",0,1,"125","WEST 57 STREET","Manhattan",1010,15,10019,40.764727,-73.978142,105,6,1010100015,137,"MN0502"
"139",3426198,43467,2024-07-02,"Accident","Other Construction Related",0,1,"532","NEPTUNE AVENUE","Brooklyn",7273,7501,11224,40.579868,-73.973025,313,48,3072737501,354,"BK1302"
"140",1080074,42685,2024-01-11,"Accident","Other Construction Related",0,1,"40","EAST 4 STREET","Manhattan",531,37,10003,40.727337,-73.992073,102,2,1005310037,5502,"MN0202"
"141",1000821,42820,2024-02-13,"Accident","Worker Fell",0,1,"55","BROAD STREET","Manhattan",25,1,10004,40.705189,-74.011505,101,1,1000250001,9,"MN0101"
"142",1086331,43262,2024-05-15,"Accident","Worker Fell",0,1,"111","ANDES ROAD","Manhattan",1,111,10004,40.692552,-74.016281,101,1,1000010111,5,"MN0191"
"143",2010963,42727,2024-01-19,"Accident","Worker Fell",0,1,"1763","WEST FARMS ROAD","Bronx",3015,97,10460,40.835683,-73.882143,203,17,2030150097,161,"BX0303"
"144",1015583,42862,2024-02-21,"Accident","Other Construction Related",0,1,"200","5 AVENUE","Manhattan",825,31,10010,40.741865,-73.989365,105,3,1008250031,58,"MN0501"
"145",1036505,43193,2024-04-29,"Accident","Other Construction Related",0,1,"425","PARK AVENUE","Manhattan",1310,1,10022,40.760512,-73.971541,105,4,1013100001,100,"MN0604"
"146",2130573,43042,2024-03-30,"Notification","Other Construction Related",0,0,"1940","TURNBULL AVENUE","Bronx",3672,30,10473,40.822884,-73.857564,209,18,2036720030,16,"BX0902"
"147",3058215,43507,2024-07-15,"Accident","Worker Fell",0,1,"71","PRINCE STREET","Brooklyn",2050,100,11201,40.695332,-73.982413,302,35,3020500100,1501,"BK0202"
"148",3425060,42877,2024-02-26,"Accident","Worker Fell",0,1,"1020","ROGERS AVENUE","Brooklyn",5137,25,11226,40.645445,-73.951918,317,40,3051370025,79202,"BK1701"
"149",1091788,43444,2024-06-27,"Accident","Worker Fell",0,1,"255","EAST 39 STREET","Manhattan",920,28,10016,40.748247,-73.974347,106,4,NA,88,"MN0603"
"150",1087645,43237,2024-05-09,"Notification","Other Construction Related",0,1,"3880","9 AVENUE","Manhattan",2189,60,10034,40.864118,-73.916764,112,10,1021890060,299,"MN1203"
"151",3192735,43398,2024-06-18,"Accident","Worker Fell",0,1,"2110","EAST 1 STREET","Brooklyn",7127,9,11223,40.59697,-73.970509,315,44,3071270009,396,"BK1501"
"152",3000605,42814,2024-02-12,"Accident","Mechanical Construction Equipment",0,1,"275","ATLANTIC AVENUE","Brooklyn",175,1,11201,40.688896,-73.989969,302,33,3001750001,43,"BK0202"
"153",2053834,43553,2024-07-25,"Incident","Scaffold/Shoring Installations",0,0,"2721","COLDEN AVENUE","Bronx",4516,46,10469,40.866003,-73.859608,211,13,2045160046,342,"BX1104"
"154",1023166,42686,2024-01-11,"Accident","Worker Fell",0,1,"159","WEST 53 STREET","Manhattan",1006,7501,10019,40.762713,-73.981261,105,4,1010067501,131,"MN0502"
"155",4436926,43550,2024-07-24,"Accident","Scaffold/Shoring Installations",0,1,"34-35","44 STREET","Queens",704,1,11101,40.754212,-73.918442,401,22,4007040001,159,"QN0104"
"156",3398454,42668,2024-01-08,"Accident","Worker Fell",0,1,"8","GRAND AVENUE","Brooklyn",1877,27,11205,40.697354,-73.964813,302,35,3018770027,211,"BK0203"
"157",3255546,43141,2024-04-16,"Incident","Scaffold/Shoring Installations",0,0,"280","NEVINS STREET","Brooklyn",432,25,11217,40.679652,-73.987035,306,39,3004320025,11901,"BK0601"
"158",3007199,42659,2024-01-05,"Accident","Worker Fell",0,2,"577","UNION STREET","Brooklyn",433,28,11215,40.678707,-73.986343,306,39,3004330028,11901,"BK0601"
"159",1082732,43240,2024-05-09,"Accident","Scaffold/Shoring Installations",0,1,"484","2 AVENUE","Manhattan",934,1,10016,40.740581,-73.978925,106,2,1009340001,66,"MN0603"
"160",4624033,43539,2024-07-19,"Accident","Worker Fell",0,1,"23-10","42 ROAD","Queens",428,19,11101,40.750555,-73.942664,402,26,4004280019,1903,"QN0201"
"161",1083810,44783,2025-07-09,"Accident","Other Construction Related",0,1,"1000","FIFTH AVENUE","Manhattan",1111,1,10028,40.778633,-73.962546,164,6,1011110001,143,"MN6491"
"162",1080074,42779,2024-02-02,"Accident","Mechanical Construction Equipment",0,2,"40","EAST 4 STREET","Manhattan",531,37,10003,40.727337,-73.992073,102,2,1005310037,5502,"MN0202"
"163",1022563,42940,2024-03-11,"Accident","Worker Fell",0,1,"1440","BROADWAY","Manhattan",993,11,10018,40.754611,-73.986761,105,4,1009930011,113,"MN0502"
"164",1016876,43242,2024-05-10,"Accident","Worker Fell",0,1,"11","EAST 26 STREET","Manhattan",856,9,10010,40.743188,-73.98755,105,3,1008560009,56,"MN0501"
"165",1045839,42949,2024-03-11,"Accident","Other Construction Related",0,1,"420","EAST 72 STREET","Manhattan",1466,37,10021,40.767383,-73.955018,108,5,1014660037,124,"MN0801"
"166",3061068,42648,2024-01-03,"Accident","Excavation/Soil Work",0,1,"316","RUTLEDGE STREET","Brooklyn",2228,16,11211,40.705427,-73.951825,301,33,3022280016,529,"BK0103"
"167",3001453,45098,2025-09-30,"Accident","Worker Fell",0,1,"52","4 AVENUE","Brooklyn",198,36,11217,40.683038,-73.979261,302,33,3001980036,39,"BK0202"
"168",3393652,44778,2025-07-08,"Accident","Worker Fell",0,1,"772","HALSEY STREET","Brooklyn",1668,48,11233,40.684815,-73.923593,303,41,3016680048,383,"BK0302"
"169",4617668,43676,2024-08-27,"Accident","Material Failure (Fell)",0,2,"148-18","HILLSIDE AVENUE","Queens",9694,17,11435,40.706166,-73.808184,412,27,4096940017,238,"QN1201"
"170",1091775,43373,2024-06-13,"Accident","Other Construction Related",0,1,"64","UNIVERSITY PLACE","Manhattan",568,21,10003,40.732953,-73.993635,102,2,1005687501,61,"MN0202"
"171",1045212,42774,2024-02-01,"Accident","Worker Fell",0,1,"1487","1 AVENUE","Manhattan",1452,27,10075,40.771378,-73.953405,108,5,1014520027,134,"MN0801"
"172",3429784,43324,2024-06-02,"Accident","Worker Fell",0,1,"1042","ATLANTIC AVENUE","Brooklyn",1125,29,11238,40.680027,-73.959274,308,35,3011250029,305,"BK0802"
"173",3080756,42967,2024-03-14,"Accident","Worker Fell",0,1,"326","ROCKAWAY AVENUE","Brooklyn",3499,25,11212,40.671905,-73.911308,316,41,3034990025,924,"BK1602"
"174",4430171,43745,2024-09-16,"Accident","Worker Fell",0,1,"50-25","BARNETT AVE","Queens",119,143,11104,40.750171,-73.913174,402,26,4001190143,17101,"QN0261"
"175",1046667,42713,2024-01-17,"Accident","Material Failure (Fell)",0,1,"1076","MADISON AVENUE","Manhattan",1493,14,10028,40.777826,-73.961041,108,4,1014930014,142,"MN0802"
"176",3337258,43475,2024-07-03,"Incident","Other Construction Related",0,0,"5216","4 AVENUE","Brooklyn",806,43,11220,40.645207,-74.013906,307,38,3008060043,76,"BK0702"
"177",4624033,42673,2024-01-09,"Notification","Material Failure (Fell)",0,1,"23-10","42 ROAD","Queens",428,19,11101,40.750555,-73.942664,402,26,4004280019,1903,"QN0201"
"178",1014167,43432,2024-06-26,"Accident","Worker Fell",0,2,"280","8 AVENUE","Manhattan",774,1,10001,40.746043,-73.997928,104,3,1007740001,91,"MN0401"
"179",4624066,43761,2024-09-20,"Accident","Other Construction Related",0,1,"23-30","BORDEN AVENUE","Queens",68,38,11101,40.739918,-73.947213,402,26,4000680038,104,"QN0201"
"180",2051283,42896,2024-02-29,"Accident","Worker Fell",0,1,"2500","BARKER AVENUE","Bronx",4428,7,10467,40.863569,-73.86936,211,15,2044280007,33202,"BX1104"
"181",3058215,42995,2024-03-21,"Accident","Worker Fell",0,1,"71","PRINCE STREET","Brooklyn",2050,100,11201,40.695332,-73.982413,302,35,3020500100,1501,"BK0202"
"182",3429285,43351,2024-06-08,"Incident","Other Construction Related",0,0,"972","REMSEN AVENUE","Brooklyn",7968,43,11236,40.644677,-73.910933,318,42,3079680043,962,"BK1803"
"183",3429227,43620,2024-08-12,"Accident","Worker Fell",0,1,"65","DUPONT STREET","Brooklyn",2487,17,11222,40.735668,-73.957396,301,33,3024870017,56301,"BK0101"
"184",1091739,43202,2024-05-01,"Accident","Mechanical Construction Equipment",0,1,"40","WEST 137 STREET","Manhattan",1734,2,10037,40.814603,-73.938039,110,9,1017340002,212,"MN1002"
"185",1014167,43272,2024-05-20,"Accident","Other Construction Related",0,1,"280","8 AVENUE","Manhattan",774,1,10001,40.746043,-73.997928,104,3,1007740001,91,"MN0401"
"186",2045727,43698,2024-09-03,"Accident","Other Construction Related",0,1,"1340","BLONDELL AVENUE","Bronx",4134,1,10461,40.841827,-73.842073,211,13,2041340001,284,"BX1161"
"187",4623202,42830,2024-02-15,"Notification","Other Construction Related",0,1,"35-15","19 AVENUE","Queens",814,10,11105,40.780061,-73.901942,401,22,4008140010,10701,"QN0101"
"188",1082792,42823,2024-02-14,"Accident","Mechanical Construction Equipment",0,1,"335","8 AVENUE","Manhattan",751,20,10001,40.747563,-73.996849,104,3,1007510020,97,"MN0401"
"189",1021925,43124,2024-04-15,"Accident","Other Construction Related",0,1,"333","EAST 38 STREET","Manhattan",944,7502,10016,40.746756,-73.972727,106,4,1009447502,78,"MN0603"
"190",1064218,43619,2024-08-12,"Accident","Other Construction Related",0,1,"4650","BROADWAY","Manhattan",2175,1,10040,40.862326,-73.929553,112,10,1021750001,287,"MN1202"
"191",1030307,43107,2024-04-11,"Accident","Other Construction Related",0,1,"537","WEST 59 STREET","Manhattan",1151,12,10019,40.770899,-73.98874,107,6,1011510012,147,"MN0701"
"192",1080352,43234,2024-05-09,"Accident","Worker Fell",0,1,"450","11 AVENUE","Manhattan",708,65,10018,40.757406,-74.000787,104,3,1007080065,9903,"MN0401"
"193",1087645,43559,2024-07-26,"Accident","Other Construction Related",0,1,"3880","9 AVENUE","Manhattan",2189,60,10034,40.864118,-73.916764,112,10,1021890060,299,"MN1203"
"194",1091739,43642,2024-08-17,"Accident","Worker Fell",0,1,"40","WEST 137 STREET","Manhattan",1734,2,10037,40.814603,-73.938039,110,9,1017340002,212,"MN1002"
"195",3000146,43409,2024-06-21,"Accident","Other Construction Related",0,1,"218","FRONT STREET","Brooklyn",55,20,11201,40.702309,-73.983698,302,33,3000550020,21,"BK0202"
"196",1014251,43030,2024-03-28,"Accident","Worker Fell",0,1,"220","WEST 28 STREET","Manhattan",777,18,10001,40.747582,-73.994197,105,3,1007770018,95,"MN0501"
"197",1007020,43258,2024-05-14,"Accident","Worker Fell",0,1,"39","CROSBY STREET","Manhattan",473,7503,10013,40.721351,-73.99908,102,1,1004737503,45,"MN0201"
"198",1091739,43597,2024-08-06,"Accident","Other Construction Related",0,2,"40","WEST 137 STREET","Manhattan",1734,2,10037,40.814603,-73.938039,110,9,1017340002,212,"MN1002"
"199",1080352,44594,2025-05-12,"Accident","Worker Fell",0,1,"450","11 AVENUE","Manhattan",708,65,10018,40.757406,-74.000787,104,3,1007080065,9903,"MN0401"
"200",1091739,43760,2024-09-20,"Incident","Material Failure (Fell)",0,0,"40","WEST 137 STREET","Manhattan",1734,2,10037,40.814603,-73.938039,110,9,1017340002,212,"MN1002"
"201",4436573,42864,2024-02-22,"Accident","Worker Fell",0,1,"2-29","50 AVENUE","Queens",17,1,11101,40.743502,-73.95808,402,26,4000170001,101,"QN0201"
"202",3327682,43576,2024-08-01,"Incident","Material Failure (Fell)",0,0,"1442","44 STREET","Brooklyn",5612,20,11219,40.635889,-73.986013,312,44,3056120020,232,"BK1202"
"203",3429595,44345,2025-03-03,"Accident","Material Failure (Fell)",0,1,"180","ASHLAND PLACE","Brooklyn",2095,26,11217,40.689356,-73.978567,302,35,3020950026,33,"BK0203"
"204",4619459,42690,2024-01-12,"Accident","Worker Fell",0,1,"23-15","44 ROAD","Queens",436,1,11101,40.748365,-73.944557,402,26,4004360001,1903,"QN0201"
"205",3425050,43512,2024-07-16,"Accident","Worker Fell",0,1,"350","Kent Ave","Brooklyn",2414,7502,11249,40.712706,-73.967694,301,33,3024147502,551,"BK0102"
"206",3429214,42851,2024-02-20,"Accident","Worker Fell",0,1,"955","STERLING PLACE","Brooklyn",1242,70,11213,40.672347,-73.946733,308,36,3012427501,341,"BK0802"
"207",1089807,43131,2024-04-15,"Accident","Worker Fell",0,1,"76","11 AVENUE","Manhattan",689,17,10011,40.745183,-74.008236,104,3,1006897501,9901,"MN0401"
"208",4619459,42708,2024-01-16,"Accident","Worker Fell",0,1,"23-15","44 ROAD","Queens",436,1,11101,40.748365,-73.944557,402,26,4004360001,1903,"QN0201"
"209",4623357,42801,2024-02-08,"Accident","Worker Fell",0,1,"51-19","BEACH CHANNEL DRIVE","Queens",15843,1,11691,40.595204,-73.782638,414,31,4158430001,97204,"QN1402"
"210",1091635,42783,2024-02-02,"Accident","Worker Fell",0,1,"600","WEST 125 STREET","Manhattan",1995,26,10027,40.815974,-73.958569,109,7,1019950026,211,"MN0901"
"211",3007353,43006,2024-03-23,"Accident","Worker Fell",0,1,"499","PRESIDENT STREET","Brooklyn",440,47,11215,40.678027,-73.986657,306,39,3004400001,11901,"BK0601"
"212",3192734,43606,2024-08-08,"Accident","Worker Fell",0,1,"2102","EAST 1 STREET","Brooklyn",7127,9,11223,40.59705,-73.970523,315,44,3071270009,396,"BK1501"
"213",3000370,42795,2024-02-06,"Accident","Other Construction Related",0,1,"9","DE KALB AVENUE","Brooklyn",149,100,11201,40.689985,-73.98254,302,33,3001497503,1502,"BK0202"
"214",3429585,43838,2024-10-15,"Notification","Other Construction Related",0,1,"420","CARROLL STREET","Brooklyn",453,1,11215,40.677917,-73.988488,306,39,3004530001,11901,"BK0601"
"215",1038655,42703,2024-01-15,"Accident","Mechanical Construction Equipment",0,1,"25","TUDOR CITY PLACE","Manhattan",1334,22,10017,40.748545,-73.970799,106,4,1013340022,88,"MN0603"
"216",2129483,43757,2024-09-19,"Incident","Mechanical Construction Equipment",0,0,"2680","MORRIS AVENUE","Bronx",3316,11,10468,40.867472,-73.895959,207,14,2033160011,40304,"BX0702"
"217",2000140,43763,2024-09-20,"Accident","Worker Fell",0,1,"91","BRUCKNER BOULEVARD","Bronx",2278,1,10454,40.805639,-73.924596,201,8,2022780001,1902,"BX0101"
"218",3000605,43664,2024-08-23,"Accident","Other Construction Related",0,1,"275","ATLANTIC AVENUE","Brooklyn",175,1,11201,40.688896,-73.989969,302,33,3001750001,43,"BK0202"
"219",1064218,43173,2024-04-23,"Accident","Other Construction Related",0,1,"4650","BROADWAY","Manhattan",2175,1,10040,40.862326,-73.929553,112,10,1021750001,287,"MN1202"
"220",3006610,42903,2024-03-02,"Incident","Mechanical Construction Equipment",0,0,"251","DOUGLAS STREET","Brooklyn",412,50,11217,40.680708,-73.985308,306,39,3004120050,127,"BK0601"
"221",2003157,43171,2024-04-22,"Incident","Worker Fell",0,1,"1182","WOODYCREST AVENUE","Bronx",2510,3,10452,40.836723,-73.924835,204,16,2025100003,199,"BX0402"
"222",3054191,42917,2024-03-06,"Incident","Excavation/Soil Work",0,0,"67","TAAFFE PLACE","Brooklyn",1883,7,11205,40.69691,-73.960735,303,33,3018830007,1237,"BK0301"
"223",1038656,43252,2024-05-13,"Incident","Scaffold/Shoring Installations",0,0,"320","EAST 42 STREET","Manhattan",1334,41,10017,40.749514,-73.971481,106,4,1013340041,88,"MN0603"
"224",1083026,43827,2024-10-11,"Accident","Mechanical Construction Equipment",0,1,"2","PENN PLAZA","Manhattan",781,2,10121,40.750017,-73.991345,105,3,1007810002,101,"MN0501"
"225",3255289,43023,2024-03-26,"Accident","Other Construction Related",0,1,"2940","WEST 15 STREET","Brooklyn",7063,12,11224,40.576271,-73.982552,313,47,3070630012,348,"BK1302"
"226",1088394,43803,2024-10-03,"Accident","Worker Fell",0,1,"125","WHITE STREET","Manhattan",167,1,10013,40.716715,-74.000346,101,1,1001670001,2901,"MN0102"
"227",2004136,44776,2025-07-08,"Accident","Worker Fell",0,1,"581","AUSTIN PLACE","Bronx",2603,83,10455,40.811248,-73.901488,202,17,2026030083,83,"BX0202"
"228",1013043,43354,2024-06-08,"Accident","Material Failure (Fell)",0,1,"111","8 AVENUE","Manhattan",739,1,10011,40.740704,-74.001844,104,3,1007390001,83,"MN0401"
"229",3061068,43705,2024-09-05,"Accident","Worker Fell",0,1,"316","RUTLEDGE STREET","Brooklyn",2228,16,11211,40.705427,-73.951825,301,33,3022280016,529,"BK0103"
"230",2128965,43436,2024-06-26,"Accident","Worker Fell",0,1,"1001","WHITLOCK AVENUE","Bronx",2756,85,10459,40.823427,-73.887057,202,17,2027560085,119,"BX0202"
"231",4624981,42842,2024-02-19,"Accident","Worker Fell",0,1,"143-06","135 AVENUE","Queens",12099,30,11436,40.668292,-73.796008,412,28,4120990030,792,"QN1203"
"232",1001027,42928,2024-03-08,"Accident","Material Failure (Fell)",0,1,"140","BROADWAY","Manhattan",48,1,10005,40.709043,-74.010626,101,1,1000480001,7,"MN0101"
"233",1009006,43791,2024-10-01,"Accident","Worker Fell",0,1,"808","BROADWAY","Manhattan",557,7501,10003,40.732621,-73.991232,102,2,1005577501,61,"MN0202"
"234",3429327,43434,2024-06-26,"Accident","Other Construction Related",0,1,"625","FULTON STREET","Brooklyn",2094,1,11201,40.688566,-73.980045,302,35,3020940001,33,"BK0203"
"235",3076057,42771,2024-01-31,"Accident","Worker Fell",0,1,"1333","BROADWAY","Brooklyn",3321,152,11221,40.690065,-73.923046,304,37,3033210152,397,"BK0402"
"236",3007353,43381,2024-06-14,"Accident","Worker Fell",0,1,"499","PRESIDENT STREET","Brooklyn",440,47,11215,40.678027,-73.986657,306,39,3004400001,11901,"BK0601"
"237",4620900,42732,2024-01-22,"Accident","Worker Fell",0,1,"72-01","QUEENS BOULEVARD","Queens",1352,125,11377,40.739401,-73.891208,402,26,4013520125,485,"QN0401"
"238",2128965,43326,2024-06-03,"Accident","Worker Fell",0,1,"1001","WHITLOCK AVENUE","Bronx",2756,85,10459,40.823427,-73.887057,202,17,2027560085,119,"BX0202"
"239",1091704,43808,2024-10-07,"Accident","Worker Fell",0,1,"162","EAST 36 STREET","Manhattan",891,44,10016,40.747185,-73.977628,106,4,1008910044,80,"MN0603"
"240",1085694,43741,2024-09-13,"Accident","Other Construction Related",0,1,"540","1 AVENUE","Manhattan",962,108,10016,40.742066,-73.974757,106,4,1009620108,62,"MN0603"
"241",2007580,43598,2024-08-06,"Accident","Other Construction Related",0,1,"1840","ANTHONY AVENUE","Bronx",2803,2,10457,40.847574,-73.903653,205,15,2028030002,23302,"BX0502"
"242",1001021,43711,2024-09-06,"Accident","Mechanical Construction Equipment",0,1,"28","LIBERTY STREET","Manhattan",44,1,10005,40.708115,-74.008768,101,1,1000440001,7,"MN0101"
"243",3429227,43516,2024-07-16,"Accident","Worker Fell",0,1,"65","DUPONT STREET","Brooklyn",2487,17,11222,40.735668,-73.957396,301,33,3024870017,56301,"BK0101"
"244",5046954,43349,2024-06-07,"Incident","Excavation/Soil Work",0,0,"36","WILSON STREET","Staten Island",3191,102,10304,40.597449,-74.090804,502,50,5031910102,9601,"SI0201"
"245",4619459,43241,2024-05-09,"Accident","Worker Fell",0,1,"23-15","44 ROAD","Queens",436,1,11101,40.748365,-73.944557,402,26,4004360001,1903,"QN0201"
"246",2008433,45330,2025-12-04,"Accident","Material Failure (Fell)",0,1,"1600","MACOMBS ROAD","Bronx",2865,134,10452,40.845745,-73.917105,205,14,2028650134,217,"BX0501"
"247",1076193,42850,2024-02-20,"Incident","Other Construction Related",0,0,"1585","BROADWAY","Manhattan",1019,7502,10036,40.760216,-73.985334,105,3,1010197502,125,"MN0502"
"248",2057045,43211,2024-05-03,"Accident","Material Failure (Fell)",0,1,"800","EAST GUN HILL ROAD","Bronx",4633,40,10467,40.875953,-73.86197,212,12,2046330040,372,"BX1201"
"249",1091739,43184,2024-04-26,"Incident","Material Failure (Fell)",0,0,"40","WEST 137 STREET","Manhattan",1734,2,10037,40.814603,-73.938039,110,9,1017340002,212,"MN1002"
"250",1009429,43522,2024-07-17,"Accident","Other Construction Related",0,1,"20","5 AVENUE","Manhattan",572,38,10011,40.732893,-73.996323,102,2,1005720038,63,"MN0202"
"251",3429214,43250,2024-05-13,"Accident","Material Failure (Fell)",0,1,"955","STERLING PLACE","Brooklyn",1242,70,11213,40.672347,-73.946733,308,36,3012427501,341,"BK0802"
"252",4619459,43669,2024-08-26,"Accident","Other Construction Related",0,1,"23-15","44 ROAD","Queens",436,1,11101,40.748365,-73.944557,402,26,4004360001,1903,"QN0201"
"253",3332221,43492,2024-07-10,"Accident","Other Construction Related",0,1,"465","COLUMBIA STREET","Brooklyn",538,1,11231,40.676375,-74.006861,306,38,3005380001,85,"BK0601"
"254",3428561,43236,2024-05-09,"Accident","Mechanical Construction Equipment",0,1,"1215","FULTON STREET","Brooklyn",1842,15,11216,40.680609,-73.952845,303,36,3018420015,245,"BK0301"
"255",3327107,43050,2024-04-01,"Accident","Worker Fell",0,1,"2886","ATLANTIC AVENUE","Brooklyn",3965,11,11207,40.677116,-73.887853,305,37,3039650011,1170,"BK0501"
"256",4433859,42777,2024-02-01,"Accident","Worker Fell",0,1,"104-60","QUEENS BOULEVARD","Queens",3175,1,11375,40.723485,-73.84849,406,29,4031750001,71305,"QN0602"
"257",3058228,43428,2024-06-25,"Accident","Other Construction Related",0,1,"111","WILLOUGHBY STREET","Brooklyn",2058,47,11201,40.69214,-73.984628,302,33,3020580047,1502,"BK0202"
"258",4436927,42895,2024-02-29,"Accident","Worker Fell",0,1,"44-01","NORTHERN BOULEVARD","Queens",704,1,11101,40.753677,-73.918732,401,22,4007040001,159,"QN0104"
"259",1009430,43151,2024-04-18,"Incident","Excavation/Soil Work",0,0,"16","5 AVENUE","Manhattan",572,41,10011,40.732624,-73.996092,102,2,1005720041,63,"MN0202"
"260",1008832,42878,2024-02-27,"Incident","Scaffold/Shoring Installations",0,0,"1","UNIVERSITY PLACE","Manhattan",548,1,10003,40.730785,-73.995486,102,2,1005480001,59,"MN0202"
"261",2129342,43613,2024-08-09,"Incident","Mechanical Construction Equipment",0,0,"1746","ANDREWS AVENUE SOUTH","Bronx",2878,183,10453,40.85037,-73.917222,205,14,2028780183,21501,"BX0501"
"262",2045727,43206,2024-05-02,"Accident","Other Construction Related",0,1,"1340","BLONDELL AVENUE","Bronx",4134,1,10461,40.841827,-73.842073,211,13,2041340001,284,"BX1161"
"263",4436573,43111,2024-04-12,"Accident","Worker Fell",0,1,"2-29","50 AVENUE","Queens",17,1,11101,40.743502,-73.95808,402,26,4000170001,101,"QN0201"
"264",3428579,43656,2024-08-22,"Accident","Excavation/Soil Work",0,1,"609","OSBORN STREET","Brooklyn",3628,9,11212,40.656983,-73.90555,316,42,3036280009,920,"BK1602"
"265",1080074,43153,2024-04-18,"Accident","Material Failure (Fell)",0,1,"40","EAST 4 STREET","Manhattan",531,37,10003,40.727337,-73.992073,102,2,1005310037,5502,"MN0202"
"266",1082732,43665,2024-08-23,"Accident","Scaffold/Shoring Installations",0,1,"484","2 AVENUE","Manhattan",934,1,10016,40.740581,-73.978925,106,2,1009340001,66,"MN0603"
"267",2130622,43126,2024-04-15,"Accident","Material Failure (Fell)",0,1,"97","WEST 169 STREET","Bronx",2519,27,10452,40.839538,-73.923177,204,16,NA,211,"BX0402"
"268",1030307,43542,2024-07-22,"Accident","Excavation/Soil Work",0,1,"537","WEST 59 STREET","Manhattan",1151,12,10019,40.770899,-73.98874,107,6,1011510012,147,"MN0701"
"269",4433860,43892,2024-10-28,"Accident","Worker Fell",0,1,"104-20","QUEENS BOULEVARD","Queens",3175,1,11375,40.72378,-73.848991,406,29,4031750001,71305,"QN0602"
"270",3326746,43346,2024-06-07,"Accident","Worker Fell",0,1,"2700","ATLANTIC AVENUE","Brooklyn",3689,12,11207,40.675937,-73.894603,305,37,3036890012,1198,"BK0502"
"271",1087651,43800,2024-10-03,"Incident","Other Construction Related",0,0,"10","WEST END AVENUE","Manhattan",1151,7502,10023,40.771986,-73.990169,107,6,1011517502,147,"MN0701"
"272",4004870,44079,2024-12-20,"Accident","Worker Fell",0,1,"29-24","40 AVENUE","Queens",402,32,11101,40.75217,-73.93534,401,26,4004020032,31,"QN0105"
"273",4035802,44088,2024-12-23,"Accident","Worker Fell",0,1,"34-20","JUNCTION BOULEVARD","Queens",1455,7,11372,40.754464,-73.872404,403,21,4014550007,27302,"QN0301"
"274",3429227,44102,2024-12-26,"Accident","Worker Fell",0,1,"65","DUPONT STREET","Brooklyn",2487,17,11222,40.735668,-73.957396,301,33,3024870017,56301,"BK0101"
"275",2001020,44091,2024-12-24,"Accident","Worker Fell",0,1,"261","GRAND CONCOURSE","Bronx",2344,1,10451,40.814,-73.929709,201,8,2023440001,6301,"BX0401"
"276",1084771,44124,2025-01-02,"Accident","Worker Fell",1,0,"301","PARK AVENUE","Manhattan",1304,7501,10022,40.756648,-73.974358,105,4,1013047501,100,"MN0604"
"277",1044694,44118,2024-12-31,"Accident","Worker Fell",0,1,"337","EAST 64 STREET","Manhattan",1439,7503,10065,40.763336,-73.961093,108,5,1014397503,118,"MN0801"
"278",1000828,44103,2024-12-27,"Accident","Worker Fell",0,1,"63","WALL STREET","Manhattan",27,9,10005,40.705774,-74.008869,101,1,1000270009,7,"MN0101"
"279",1084198,44097,2024-12-26,"Accident","Material Failure (Fell)",0,2,"635","WEST 165 STREET","Manhattan",2138,40,10032,40.839928,-73.94254,112,10,1021380040,251,"MN1201"
"280",1035371,44111,2024-12-30,"Accident","Other Construction Related",0,1,"343","MADISON AVENUE","Manhattan",1279,23,10017,40.754253,-73.97821,105,4,1012790023,94,"MN0502"
"281",1014167,43777,2024-09-27,"Accident","Worker Fell",0,1,"280","8 AVENUE","Manhattan",774,1,10001,40.746043,-73.997928,104,3,1007740001,91,"MN0401"
"282",1084198,43732,2024-09-12,"Accident","Other Construction Related",0,1,"635","WEST 165 STREET","Manhattan",2138,40,10032,40.839928,-73.94254,112,10,1021380040,251,"MN1201"
"283",1091067,45336,2025-12-04,"Accident","Worker Fell",0,1,"125","WEST 57 STREET","Manhattan",1010,7509,10019,40.764727,-73.978142,105,6,1010100015,137,"MN0502"
"284",1091781,44076,2024-12-19,"Accident","Worker Fell",0,1,"32","WEST 48 STREET","Manhattan",1263,55,10036,40.757978,-73.979783,105,4,1012630055,96,"MN0502"
"285",4112220,45332,2025-12-04,"Accident","Worker Fell",0,1,"133-25","37 AVENUE","Queens",4970,11,11354,40.760525,-73.833974,407,20,4049700011,869,"QN0707"
"286",1009430,44148,2025-01-09,"Incident","Scaffold/Shoring Installations",0,0,"16","5 AVENUE","Manhattan",572,41,10011,40.732624,-73.996092,102,2,1005720041,63,"MN0202"
"287",1040751,44071,2024-12-18,"Accident","Scaffold/Shoring Installations",0,1,"781","5 AVENUE","Manhattan",1374,1,10022,40.764454,-73.972871,108,4,1013740001,11401,"MN0802"
"288",3251678,43401,2024-06-19,"Accident","Worker Fell",0,1,"470","KENT AVENUE","Brooklyn",2134,1,11249,40.707947,-73.968433,301,33,3021340001,547,"BK0102"
"289",3429621,43404,2024-06-20,"Incident","Excavation/Soil Work",0,0,"875","ERSKINE STREET","Brooklyn",4586,495,11239,40.655529,-73.867753,305,42,3045867506,107001,"BK0504"
"290",2130685,43987,2024-11-21,"Accident","Other Construction Related",0,1,"221 D","MANIDA STREET","Bronx",2777,100,10474,40.805223,-73.885975,202,17,2027770100,9302,"BX0201"
"291",3429094,44137,2025-01-06,"Accident","Worker Fell",0,1,"170","FREEMAN STREET","Brooklyn",2513,6,11222,40.734481,-73.954532,301,33,3025130006,575,"BK0101"
"292",3141047,43134,2024-04-15,"Accident","Worker Fell",0,1,"1271","60 STREET","Brooklyn",5711,48,11219,40.629319,-73.999308,312,44,3057110048,192,"BK1202"
"293",4209632,42856,2024-02-21,"Accident","Scaffold/Shoring Installations",0,1,"166-20","90 AVENUE","Queens",9796,63,11432,40.70729,-73.794633,412,27,4097960063,460,"QN1201"
"294",2130685,43671,2024-08-26,"Accident","Mechanical Construction Equipment",0,1,"221 D","MANIDA STREET","Bronx",2777,100,10474,40.805223,-73.885975,202,17,2027770100,9302,"BX0201"
"295",3428561,43331,2024-06-04,"Accident","Worker Fell",0,1,"1215","Fulton street","Brooklyn",1842,15,11216,40.680609,-73.952845,303,36,3018420015,245,"BK0301"
"296",3000011,43390,2024-06-17,"Accident","Worker Fell",0,1,"167","PLYMOUTH STREET","Brooklyn",20,1,11201,40.703756,-73.986309,302,33,3000200001,21,"BK0202"
"297",1080352,43607,2024-08-08,"Accident","Other Construction Related",0,1,"450","11 AVENUE","Manhattan",708,65,10018,40.757406,-74.000787,104,3,1007080065,9903,"MN0401"
"298",3007353,42706,2024-01-16,"Accident","Worker Fell",0,1,"499","PRESIDENT STREET","Brooklyn",440,47,11215,40.678027,-73.986657,306,39,3004400001,11901,"BK0601"
"299",1033105,43127,2024-04-15,"Accident","Worker Fell",0,1,"211","WEST 84 STREET","Manhattan",1232,14,10024,40.786594,-73.976488,107,6,1012320014,171,"MN0702"
"300",1016876,43197,2024-04-30,"Accident","Worker Fell",0,1,"11","EAST 26 STREET","Manhattan",856,9,10010,40.743188,-73.98755,105,3,1008560009,56,"MN0501"
"301",4003495,43506,2024-07-15,"Accident","Other Construction Related",0,1,"43-14","QUEENS STREET","Queens",266,27,11101,40.747075,-73.939149,402,26,4002660027,1902,"QN0201"
"302",1083616,43129,2024-04-15,"Accident","Scaffold/Shoring Installations",0,1,"321","WEST 38 STREET","Manhattan",762,23,10018,40.755067,-73.992456,104,3,1007620023,115,"MN0402"
"303",1015733,43099,2024-04-09,"Accident","Other Construction Related",0,1,"262","5 AVENUE","Manhattan",830,44,10001,40.745081,-73.987019,105,3,1008300044,76,"MN0501"
"304",2045727,43748,2024-09-16,"Accident","Material Failure (Fell)",0,1,"1340","BLONDELL AVENUE","Bronx",4134,1,10461,40.841827,-73.842073,211,13,2041340001,284,"BX1161"
"305",3058868,43529,2024-07-18,"Notification","Excavation/Soil Work",0,0,"39","SOUTH PORTLAND AVENUE","Brooklyn",2100,14,11217,40.688422,-73.974846,302,35,3021000014,181,"BK0203"
"306",1084612,42987,2024-03-20,"Accident","Material Failure (Fell)",0,1,"59","HENRY STREET","Manhattan",280,15,10002,40.71299,-73.994939,103,1,1002800015,8,"MN0301"
"307",3426078,43563,2024-07-29,"Accident","Worker Fell",0,1,"85","GATEWAY DRIVE","Brooklyn",4452,231,11239,40.654028,-73.877779,305,42,3044520231,107001,"BK0504"
"308",1091635,42764,2024-01-30,"Accident","Worker Fell",0,1,"600","WEST 125 STREET","Manhattan",1995,26,10027,40.815974,-73.958569,109,7,1019950026,211,"MN0901"
"309",1046252,43016,2024-03-26,"Accident","Material Failure (Fell)",0,1,"510","EAST 62 STREET","Manhattan",1474,40,10065,40.760459,-73.958196,108,5,1014740040,10602,"MN0801"
"310",1091010,44813,2025-07-19,"Accident","Worker Fell",0,1,"270","PARK AVENUE","Manhattan",1283,21,10017,40.755641,-73.975109,105,4,1012830021,94,"MN0502"
"311",1052167,43775,2024-09-26,"Accident","Worker Fell",0,1,"174","EAST 110 STREET","Manhattan",1637,141,10029,40.794317,-73.94327,111,8,1016370141,172,"MN1101"
"312",1022581,43688,2024-08-30,"Accident","Worker Fell",0,1,"1","TIMES SQUARE","Manhattan",995,1,10036,40.756628,-73.986287,105,3,1009950001,119,"MN0502"
"313",1088749,43449,2024-06-28,"Accident","Other Construction Related",0,1,"1","EAST 23 STREET","Manhattan",853,2,10010,40.74078,-73.987741,105,2,1008530002,56,"MN0501"
"314",3038668,43287,2024-05-23,"Accident","Other Construction Related",0,1,"2435","PACIFIC STREET","Brooklyn",1437,46,11233,40.675235,-73.904872,316,37,3014370046,36502,"BK1601"
"315",3426079,43812,2024-10-08,"Accident","Other Construction Related",0,1,"83","GATEWAY DRIVE","Brooklyn",4452,232,11239,40.654072,-73.877782,305,42,3044520232,107001,"BK0504"
"316",3107741,43631,2024-08-14,"Accident","Worker Fell",0,1,"329","CLARKSON AVENUE","Brooklyn",4828,21,11226,40.655503,-73.948826,309,40,3048280021,804,"BK0902"
"317",3058228,42980,2024-03-18,"Incident","Material Failure (Fell)",0,0,"111","WILLOUGHBY STREET","Brooklyn",2058,47,11201,40.69214,-73.984628,302,33,3020580047,1502,"BK0202"
"318",3428561,43205,2024-05-02,"Accident","Worker Fell",0,1,"1215","FULTON STREET","Brooklyn",1842,15,11216,40.680609,-73.952845,303,36,3018420015,245,"BK0301"
"319",1080458,42950,2024-03-12,"Accident","Worker Fell",0,1,"300","EAST 50 STREET","Manhattan",1342,51,10022,40.75472,-73.968172,106,4,1013420051,98,"MN0604"
"320",3000146,43339,2024-06-06,"Accident","Other Construction Related",0,1,"218","FRONT STREET","Brooklyn",55,20,11201,40.702309,-73.983698,302,33,3000550020,21,"BK0202"
"321",3338398,43052,2024-04-02,"Accident","Material Failure (Fell)",0,1,"200","MAUJER STREET","Brooklyn",3027,1,11206,40.711095,-73.941645,301,34,3030270001,49301,"BK0104"
"322",1091739,43570,2024-07-31,"Accident","Material Failure (Fell)",0,1,"40","WEST 137 STREET","Manhattan",1734,2,10037,40.814603,-73.938039,110,9,1017340002,212,"MN1002"
"323",4006620,42702,2024-01-15,"Accident","Worker Fell",0,1,"31-41","23 STREET","Queens",568,12,11106,40.765712,-73.929359,401,22,4005680012,75,"QN0103"
"324",3023696,43144,2024-04-16,"Incident","Mechanical Construction Equipment",0,0,"270","14 STREET","Brooklyn",1042,12,11215,40.665854,-73.988173,306,39,3010420012,14101,"BK0602"
"325",4624033,43847,2024-10-16,"Accident","Other Construction Related",0,1,"23-10","42 ROAD","Queens",428,19,11101,40.750555,-73.942664,402,26,4004280019,1903,"QN0201"
"326",2007695,43851,2024-10-17,"Accident","Scaffold/Shoring Installations",0,1,"2017","GRAND CONCOURSE","Bronx",2808,90,10453,40.851716,-73.904197,205,14,2028080090,23501,"BX0502"
"327",4437366,43856,2024-10-18,"Accident","Other Construction Related",0,1,"48-37","48 STREET","Queens",2292,7,11377,40.738775,-73.917667,402,26,4022920007,23501,"QN0202"
"328",4623202,43853,2024-10-17,"Accident","Other Construction Related",0,1,"35-15","19 AVENUE","Queens",814,10,11105,40.780061,-73.901942,401,22,4008140010,10701,"QN0101"
"329",1007174,43858,2024-10-18,"Accident","Other Construction Related",0,1,"174","MOTT STREET","Manhattan",479,40,10012,40.720245,-73.995996,102,1,1004790040,41,"MN0201"
"330",1091010,43850,2024-10-17,"Accident","Other Construction Related",0,1,"270","PARK AVENUE","Manhattan",1283,21,10017,40.755641,-73.975109,105,4,1012830021,94,"MN0502"
"331",3048468,44141,2025-01-08,"Accident","Worker Fell",0,2,"122","SANDFORD STREET","Brooklyn",1736,34,11205,40.695423,-73.95353,303,33,3017360034,1237,"BK0301"
"332",4005002,44822,2025-07-21,"Accident","Worker Fell",0,1,"41-02","CRESCENT STREET","Queens",414,23,11101,40.752027,-73.939299,401,26,4004140023,3301,"QN0105"
"333",1043261,44136,2025-01-06,"Accident","Worker Fell",0,1,"895","PARK AVENUE","Manhattan",1413,71,10075,40.775322,-73.960169,108,4,1014130071,140,"MN0802"
"334",1009430,44819,2025-07-21,"Accident","Other Construction Related",0,1,"16","5 AVENUE","Manhattan",572,41,10011,40.732624,-73.996092,102,2,1005720041,63,"MN0202"
"335",3058215,44143,2025-01-09,"Accident","Other Construction Related",0,1,"71","PRINCE STREET","Brooklyn",2050,100,11201,40.695332,-73.982413,302,35,3020500100,1501,"BK0202"
"336",1082732,43958,2024-11-15,"Accident","Worker Fell",0,1,"484","SECOND AVENUE","Manhattan",934,1,10016,40.740581,-73.978925,106,2,1009340001,66,"MN0603"
"337",1072932,44171,2025-01-14,"Accident","Worker Fell",0,1,"30","EAST 85 STREET","Manhattan",1496,7501,10028,40.780356,-73.959754,108,4,1014967501,15001,"MN0802"
"338",1034510,44149,2025-01-09,"Accident","Worker Fell",0,1,"1290","6th Avenue","Manhattan",1267,1,10119,40.760857,-73.979717,105,4,1012670001,104,"MN0502"
"339",4003105,44134,2025-01-06,"Accident","Other Construction Related",0,1,"33-00","NORTHERN BOULEVARD","Queens",214,7501,11101,40.751986,-73.931099,401,26,4002147501,17102,"QN0161"
"340",1036511,44164,2025-01-13,"Accident","Other Construction Related",0,1,"660","LEXINGTON AVENUE","Manhattan",1310,14,10022,40.759812,-73.969957,105,4,1013100014,100,"MN0604"
"341",1811452,44169,2025-01-14,"Accident","Mechanical Construction Equipment",0,1,"20","randalls island","Manhattan",1819,203,10035,40.795535,-73.922671,111,8,1018190203,240,"MN1191"
"342",1007174,44163,2025-01-13,"Accident","Worker Fell",0,1,"174","MOTT STREET","Manhattan",479,40,10012,40.720245,-73.995996,102,1,1004790040,41,"MN0201"
"343",1021925,44191,2025-01-21,"Accident","Worker Fell",0,1,"333","EAST 38 STREET","Manhattan",944,7502,10016,40.746756,-73.972727,106,4,1009447502,78,"MN0603"
"344",1088961,44197,2025-01-22,"Accident","Mechanical Construction Equipment",0,1,"30","HUDSON YARDS","Manhattan",702,7501,10001,40.753717,-73.99978,104,3,1007027501,9903,"MN0401"
"345",3048468,44833,2025-07-23,"Incident","Other Construction Related",0,0,"122","SANDFORD STREET","Brooklyn",1736,34,11205,40.695423,-73.95353,303,33,3017360034,1237,"BK0301"
"346",1047942,44211,2025-01-24,"Incident","Other Construction Related",0,0,"1276","LEXINGTON AVENUE","Manhattan",1514,1656,10028,40.779339,-73.955714,108,4,1015140056,14801,"MN0802"
"347",1051383,44832,2025-07-23,"Accident","Other Construction Related",0,1,"610","EAST 83 STREET","Manhattan",1590,19,10028,40.772879,-73.945963,108,5,1015900019,13601,"MN0803"
"348",2011872,44031,2024-12-04,"Accident","Worker Fell",0,1,"16","WADE SQUARE","Bronx",3063,152,10457,40.85193,-73.891082,206,15,2030630152,37504,"BX0602"
"349",1001068,44199,2025-01-23,"Accident","Other Construction Related",0,1,"1","LIBERTY PLAZA","Manhattan",62,7501,10006,40.709402,-74.011073,101,1,1000627501,13,"MN0101"
"350",3058215,44210,2025-01-24,"Accident","Other Construction Related",0,1,"71","PRINCE STREET","Brooklyn",2050,100,11201,40.695332,-73.982413,302,35,3020500100,1501,"BK0202"
"351",1080352,44221,2025-01-28,"Accident","Other Construction Related",0,1,"450","11 AVENUE","Manhattan",708,65,10018,40.757406,-74.000787,104,3,1007080065,9903,"MN0401"
"352",2003155,44227,2025-01-30,"Accident","Material Failure (Fell)",0,1,"1139","ANDERSON AVENUE","Bronx",2509,61,10452,40.83554,-73.924681,204,16,2025090061,199,"BX0402"
"353",3107206,44236,2025-02-03,"Incident","Other Construction Related",0,0,"625","NEW YORK AVENUE","Brooklyn",4810,3,11203,40.659121,-73.94754,309,40,3048100003,810,"BK0902"
"354",4059931,44255,2025-02-10,"Incident","Other Construction Related",0,0,"58-30","GRAND AVENUE","Queens",2681,1,11378,40.719651,-73.91119,405,30,4026810001,525,"QN0501"
"355",1035721,44254,2025-02-10,"Incident","Material Failure (Fell)",0,0,"665","5 AVENUE","Manhattan",1288,69,10022,40.760154,-73.97601,105,4,1012880069,102,"MN0502"
"356",1010647,44261,2025-02-11,"Accident","Other Construction Related",0,2,"525","6 AVENUE","Manhattan",609,39,10011,40.737213,-73.996958,102,3,1006090039,71,"MN0203"
"357",5056908,44263,2025-02-11,"Incident","Material Failure (Fell)",0,0,"31","TOPPING STREET","Staten Island",4084,23,10306,40.562848,-74.100712,502,50,5040840023,12804,"SI0202"
"358",1014718,44267,2025-02-12,"Accident","Worker Fell",0,1,"625","6 AVENUE","Manhattan",794,30,10011,40.740207,-73.994778,104,3,1007940030,87,"MN0401"
"359",2001079,44265,2025-02-12,"Accident","Excavation/Soil Work",1,0,"355","EXTERIOR STREET","Bronx",2349,46,10451,40.816046,-73.931166,201,8,2023490046,6301,"BX0401"
"360",3259375,44266,2025-02-12,"Accident","Worker Fell",0,1,"270","NOSTRAND AVENUE","Brooklyn",1778,55,11205,40.690852,-73.951673,303,36,3017780055,241,"BK0301"
"361",3031049,44271,2025-02-13,"Incident","Mechanical Construction Equipment",0,0,"145","BROOKLYN AVENUE","Brooklyn",1229,1,11213,40.674773,-73.944464,308,36,3012290001,341,"BK0802"
"362",4209632,44286,2025-02-17,"Incident","Other Construction Related",0,0,"166-20","90 AVENUE","Queens",9796,63,11432,40.70729,-73.794633,412,27,4097960063,460,"QN1201"
"363",1028168,43340,2024-06-06,"Incident","Other Construction Related",0,0,"36","WEST 66 STREET","Manhattan",1118,45,10023,40.772885,-73.979865,107,6,1011187503,149,"MN0701"
"364",2129656,42890,2024-02-28,"Notification","Other Construction Related",0,0,"4720","3 AVENUE","Bronx",3042,13,10458,40.859417,-73.891128,206,15,2030427501,387,"BX0603"
"365",1028168,44237,2025-02-04,"Accident","Other Construction Related",0,1,"36","WEST 66 STREET","Manhattan",1118,45,10023,40.772885,-73.979865,107,6,1011187503,149,"MN0701"
"366",1028168,43161,2024-04-19,"Accident","Worker Fell",0,1,"36","WEST 66 STREET","Manhattan",1118,45,10023,40.772885,-73.979865,107,6,1011187503,149,"MN0701"
"367",2129656,43113,2024-04-12,"Accident","Worker Fell",0,1,"4720","3 AVENUE","Bronx",3042,13,10458,40.859417,-73.891128,206,15,2030427501,387,"BX0603"
"368",3061068,43947,2024-11-12,"Accident","Worker Fell",0,1,"316","RUTLEDGE STREET","Brooklyn",2228,16,11211,40.705427,-73.951825,301,33,3022280016,529,"BK0103"
"369",3418384,42744,2024-01-24,"Accident","Worker Fell",0,1,"1352","36 STREET","Brooklyn",5301,20,11218,40.641631,-73.98358,312,39,3053010020,226,"BK1202"
"370",1083025,44310,2025-02-24,"Accident","Worker Fell",0,1,"125","WEST END AVENUE","Manhattan",1171,7514,10023,40.775674,-73.987504,107,6,1011717514,15102,"MN0701"
"371",4623739,43088,2024-04-08,"Accident","Worker Fell",0,1,"2-21","MALT DRIVE","Queens",11,1,11101,40.739953,-73.958786,402,26,4000110001,101,"QN0201"
"372",1005723,44318,2025-02-26,"Accident","Worker Fell",0,1,"183","CHRYSTIE STREET","Manhattan",426,35,10002,40.721548,-73.992096,103,1,1004260035,3601,"MN0302"
"373",3000519,44320,2025-02-26,"Accident","Other Construction Related",0,1,"285","SCHERMERHORN STREET","Brooklyn",166,7501,11217,40.687759,-73.982898,302,33,3001667501,37,"BK0202"
"374",1015733,44840,2025-07-25,"Accident","Material Failure (Fell)",0,1,"262","5 AVENUE","Manhattan",830,44,10001,40.745081,-73.987019,105,3,1008300044,76,"MN0501"
"375",4430171,44335,2025-02-28,"Notification","Other Construction Related",0,1,"50-25","BARNETT AVE","Queens",119,143,11104,40.750171,-73.913174,402,26,4001190143,17101,"QN0261"
"376",1091010,44328,2025-02-27,"Accident","Worker Fell",0,1,"270","PARK AVENUE","Manhattan",1283,21,10017,40.755641,-73.975109,105,4,1012830021,94,"MN0502"
"377",3009549,44852,2025-07-29,"Incident","Mechanical Construction Equipment",0,0,"218","23 STREET","Brooklyn",649,28,11232,40.660672,-73.995343,307,38,3006490028,145,"BK0702"
"378",3000352,43365,2024-06-11,"Incident","Other Construction Related",0,0,"589","FULTON STREET","Brooklyn",149,14,11201,40.689238,-73.981765,302,33,3001490014,33,"BK0203"
"379",4618772,44336,2025-02-28,"Accident","Worker Fell",0,1,"26-02","1 STREET","Queens",916,10,11102,40.776821,-73.935533,401,22,4009160010,87,"QN0102"
"380",1036085,44337,2025-03-01,"Accident","Scaffold/Shoring Installations",0,1,"625","MADISON AVENUE","Manhattan",1294,46,10022,40.763381,-73.971551,105,4,1012940046,11202,"MN0502"
"381",4112220,44346,2025-03-03,"Accident","Worker Fell",1,0,"133-25","37 AVENUE","Queens",4970,11,11354,40.760525,-73.833974,407,20,4049700011,869,"QN0707"
"382",1091010,44350,2025-03-04,"Accident","Worker Fell",0,1,"270","PARK AVENUE","Manhattan",1283,21,10017,40.755641,-73.975109,105,4,1012830021,94,"MN0502"
"383",3337808,44200,2025-01-23,"Accident","Worker Fell",1,0,"506","6 STREET","Brooklyn",1086,1,11215,40.668293,-73.979237,306,39,3010860001,153,"BK0602"
"384",2130685,43261,2024-05-15,"Accident","Mechanical Construction Equipment",0,1,"221 D","MANIDA STREET","Bronx",2777,100,10474,40.805223,-73.885975,202,17,2027770100,9302,"BX0201"
"385",1046777,44366,2025-03-07,"Accident","Worker Fell",0,1,"1020","5 AVENUE","Manhattan",1495,1,10028,40.779558,-73.961531,108,4,1014950001,142,"MN0802"
"386",3006610,44363,2025-03-07,"Accident","Worker Fell",0,1,"251","DOUGLASS STREET","Brooklyn",412,50,11217,40.680708,-73.985308,306,39,3004120050,127,"BK0601"
"387",1091788,44379,2025-03-11,"Accident","Other Construction Related",0,1,"255","EAST 39 STREET","Manhattan",920,28,10016,40.748247,-73.974347,106,4,NA,88,"MN0603"
"388",1038598,44847,2025-07-28,"Accident","Worker Fell",0,1,"235","EAST 57 STREET","Manhattan",1331,17,10022,40.759863,-73.966581,106,4,1013310017,10803,"MN0604"
"389",2130734,44400,2025-03-19,"Accident","Material Failure (Fell)",0,1,"1","ORCHARD BEACH","Bronx",5650,1,10464,40.867456,-73.797494,228,13,2056500001,504,"BX2891"
"390",4624506,44405,2025-03-19,"Accident","Worker Fell",0,1,"52-35","74 STREET","Queens",2492,141,11373,40.73288,-73.888332,405,30,4024920141,499,"QN0401"
"391",2013297,44406,2025-03-20,"Accident","Worker Fell",0,1,"2075","WEBSTER AVENUE","Bronx",3142,48,10457,40.851741,-73.898493,205,15,2031420048,379,"BX0502"
"392",2130818,45354,2025-12-12,"Accident","Worker Fell",0,1,"1298","INWOOD AVENUE","Bronx",2855,51,10452,40.838458,-73.920338,204,16,2028550051,219,"BX0403"
"393",4441727,44415,2025-03-21,"Accident","Mechanical Construction Equipment",0,1,"28-90","REVIEW AVENUE","Queens",294,106,11101,40.738263,-73.940676,402,26,4002940106,19902,"QN0202"
"394",3429227,44433,2025-03-26,"Accident","Material Failure (Fell)",0,1,"65","DUPONT STREET","Brooklyn",2487,17,11222,40.735668,-73.957396,301,33,3024870017,56301,"BK0101"
"395",1013637,44177,2025-01-16,"Accident","Worker Fell",0,1,"341","WEST 38 STREET","Manhattan",762,11,10018,40.755237,-73.992864,104,3,1007620011,115,"MN0402"
"396",1014731,44449,2025-04-01,"Accident","Other Construction Related",0,1,"635","SIXTH AVENUE","Manhattan",795,37,10011,40.740581,-73.994504,104,3,1007950037,87,"MN0401"
"397",1035455,42929,2024-03-08,"Accident","Worker Fell",0,1,"437","MADISON AVENUE","Manhattan",1285,21,10022,40.757519,-73.975827,105,4,1012850021,102,"MN0502"
"398",1091010,44455,2025-04-04,"Accident","Material Failure (Fell)",0,1,"270","PARK AVENUE","Manhattan",1283,21,10017,40.755641,-73.975109,105,4,1012830021,94,"MN0502"
"399",3429595,43256,2024-05-14,"Incident","Mechanical Construction Equipment",0,0,"180","ASHLAND PLACE","Brooklyn",2095,26,11217,40.689356,-73.978567,302,35,3020950026,33,"BK0203"
"400",1091010,44476,2025-04-10,"Accident","Worker Fell",0,1,"270","PARK AVENUE","Manhattan",1283,21,10017,40.755641,-73.975109,105,4,1012830021,94,"MN0502"
"401",1027184,44850,2025-07-29,"Accident","Other Construction Related",0,1,"755","12 AVENUE","Manhattan",1109,100,10019,40.768668,-73.995404,104,3,1011090100,13501,"MN0402"
"402",1033105,44489,2025-04-15,"Accident","Worker Fell",0,1,"211","WEST 84 STREET","Manhattan",1232,14,10024,40.786594,-73.976488,107,6,1012320014,171,"MN0702"
"403",3426198,44152,2025-01-10,"Accident","Worker Fell",0,1,"532","NEPTUNE AVENUE","Brooklyn",7273,7501,11224,40.579868,-73.973025,313,48,3072737501,354,"BK1302"
"404",1084612,43035,2024-03-29,"Accident","Worker Fell",0,1,"59","HENRY STREET","Manhattan",280,15,10002,40.71299,-73.994939,103,1,1002800015,8,"MN0301"
"405",1009706,44511,2025-04-21,"Accident","Other Construction Related",0,1,"65","WEST 13 STREET","Manhattan",577,7502,10011,40.736145,-73.99607,102,2,1005777502,63,"MN0202"
"406",3038668,44514,2025-04-22,"Accident","Other Construction Related",0,1,"2435","PACIFIC STREET","Brooklyn",1437,46,11233,40.675235,-73.904872,316,37,3014370046,36502,"BK1601"
"407",2002826,44519,2025-04-23,"Accident","Worker Fell",0,1,"1040","GRAND CONCOURSE","Bronx",2462,1,10456,40.831063,-73.920361,204,16,2024620001,18102,"BX0401"
"408",1000824,44527,2025-04-23,"Accident","Other Construction Related",0,1,"25","BROAD STREET","Manhattan",25,7502,10004,40.706114,-74.01126,101,1,1000257502,9,"MN0101"
"409",1081114,44529,2025-04-24,"Accident","Other Construction Related",0,1,"2130","MADISON AVENUE","Manhattan",1757,1,10037,40.811232,-73.936648,111,9,1017570001,210,"MN1102"
"410",2007455,44526,2025-04-23,"Accident","Mechanical Construction Equipment",0,1,"1751","MONROE AVENUE","Bronx",2797,47,10457,40.845938,-73.906561,205,14,2027970047,22901,"BX0502"
"411",1000060,44541,2025-04-28,"Accident","Worker Fell",0,1,"250","VESEY STREET","Manhattan",16,150,10281,40.714529,-74.015677,101,1,1000160150,31703,"MN0101"
"412",1091646,42725,2024-01-19,"Accident","Worker Fell",0,1,"212","WEST 124 STREET","Manhattan",1929,158,10027,40.808595,-73.949557,110,9,1019290158,222,"MN1001"
"413",1090786,44552,2025-04-30,"Accident","Worker Fell",0,1,"1245","BROADWAY","Manhattan",832,17,10001,40.747269,-73.988368,105,3,1008320017,76,"MN0501"
"414",1001357,43288,2024-05-23,"Accident","Worker Fell",0,1,"1","PACE PLAZA","Manhattan",102,1,10038,40.711909,-74.005843,101,1,1001020001,1501,"MN0101"
"415",3330085,44450,2025-04-02,"Accident","Worker Fell",0,1,"79","QUAY STREET","Brooklyn",2589,1,11222,40.726245,-73.958095,301,33,3025890001,561,"BK0101"
"416",2001079,44909,2025-08-15,"Accident","Worker Fell",0,1,"355","EXTERIOR STREET","Bronx",2349,46,10451,40.816046,-73.931166,201,8,2023490046,6301,"BX0401"
"417",1091010,44545,2025-04-28,"Accident","Worker Fell",0,1,"270","PARK AVENUE","Manhattan",1283,21,10017,40.755641,-73.975109,105,4,1012830021,94,"MN0502"
"418",3192734,42923,2024-03-07,"Accident","Other Construction Related",0,1,"2102","EAST 1 STREET","Brooklyn",7127,9,11223,40.59705,-73.970523,315,44,3071270009,396,"BK1501"
"419",3107741,44571,2025-05-04,"Accident","Other Construction Related",0,1,"329","CLARKSON AVENUE","Brooklyn",4828,21,11226,40.655503,-73.948826,309,40,3048280021,804,"BK0902"
"420",3141885,44945,2025-08-25,"Accident","Worker Fell",0,2,"6315","14 AVENUE","Brooklyn",5741,5,11219,40.625671,-73.998253,311,43,3057410005,194,"BK1002"
"421",1086164,44563,2025-05-02,"Accident","Worker Fell",0,1,"19","EAST 57 STREET","Manhattan",1293,14,10022,40.762621,-73.973128,105,4,1012930014,11202,"MN0502"
"422",3416888,44570,2025-05-04,"Incident","Material Failure (Fell)",0,0,"4910","14 AVENUE","Brooklyn",5642,33,11219,40.633578,-73.990052,312,44,3056420033,236,"BK1202"
"423",1022678,44565,2025-05-02,"Accident","Other Construction Related",0,1,"1211","6 AVENUE","Manhattan",1000,29,10036,40.758393,-73.981537,105,4,1010000029,125,"MN0502"
"424",1048273,43232,2024-05-08,"Accident","Worker Fell",0,1,"150","EAST 91 STREET","Manhattan",1519,50,10128,40.782533,-73.952924,108,5,1015190050,14802,"MN0802"
"425",4619459,43423,2024-06-24,"Incident","Other Construction Related",0,0,"23-15","44 ROAD","Queens",436,1,11101,40.748365,-73.944557,402,26,4004360001,1903,"QN0201"
"426",2130777,44577,2025-05-06,"Accident","Worker Fell",0,1,"1600","MACOMBS ROAD","Bronx",2865,134,10452,40.845745,-73.917105,205,14,2028650134,217,"BX0501"
"427",1046258,44580,2025-05-07,"Accident","Mechanical Construction Equipment",0,1,"537","EAST 71 STREET","Manhattan",1483,23,10021,40.76576,-73.953261,108,5,1014830023,124,"MN0801"
"428",4623703,44858,2025-07-30,"Accident","Other Construction Related",0,1,"143-02","135 AVENUE","Queens",12099,32,11436,40.668292,-73.796011,412,28,4120990032,792,"QN1203"
"429",3429519,43062,2024-04-03,"Accident","Other Construction Related",0,1,"20","VITAL AVENUE","Brooklyn",4586,470,11239,40.654576,-73.867067,305,42,3045860470,107001,"BK0504"
"430",2130831,44499,2025-04-18,"Accident","Worker Fell",0,1,"1017","OLMSTEAD AVENUE","Bronx",3797,70,10472,40.827586,-73.853196,209,18,2037970033,78,"BX0903"
"431",1085735,43500,2024-07-11,"Accident","Other Construction Related",0,1,"200","PARK AVENUE","Manhattan",1280,9010,10017,40.754162,-73.976557,105,4,1012809010,92,"MN0604"
"432",1084771,44861,2025-07-31,"Accident","Worker Fell",0,1,"301","PARK AVENUE","Manhattan",1304,7501,10022,40.756648,-73.974358,105,4,1013047501,100,"MN0604"
"433",2120979,44595,2025-05-12,"Accident","Worker Fell",0,1,"2421","LAFAYETTE AVENUE","Bronx",3702,49,10473,40.824029,-73.843362,209,18,2037020049,98,"BX0903"
"434",1023724,42722,2024-01-19,"Incident","Mechanical Construction Equipment",0,0,"125","WEST 57 STREET","Manhattan",1010,15,10019,40.764727,-73.978142,105,6,1010100015,137,"MN0502"
"435",3429519,42745,2024-01-24,"Accident","Worker Fell",0,1,"20","VITAL AVENUE","Brooklyn",4586,470,11239,40.654576,-73.867067,305,42,3045860470,107001,"BK0504"
"436",1001068,44601,2025-05-09,"Accident","Other Construction Related",0,1,"1","LIBERTY PLAZA","Manhattan",62,7501,10006,40.709402,-74.011073,101,1,1000627501,13,"MN0101"
"437",1089192,43473,2024-07-03,"Accident","Worker Fell",0,1,"375","WEST 207 STREET","Manhattan",2188,1,10034,40.863599,-73.916537,112,10,1021880001,299,"MN1203"
"438",1001245,45363,2025-12-15,"Accident","Other Construction Related",0,1,"222","BROADWAY","Manhattan",89,12,10038,40.711313,-74.008661,101,1,1000890012,1501,"MN0101"
"439",1091635,43445,2024-06-27,"Accident","Other Construction Related",0,1,"600","WEST 125 STREET","Manhattan",1995,26,10027,40.815974,-73.958569,109,7,1019950026,211,"MN0901"
"440",1091728,42884,2024-02-28,"Accident","Worker Fell",0,1,"18","WEST 55 STREET","Manhattan",1270,44,10019,40.762023,-73.975782,105,4,1012700044,104,"MN0502"
"441",1085694,43896,2024-10-29,"Accident","Worker Fell",0,1,"540","1 AVENUE","Manhattan",962,108,10016,40.742066,-73.974757,106,4,1009620108,62,"MN0603"
"442",4624066,44017,2024-12-02,"Accident","Worker Fell",0,1,"23-30","BORDEN AVENUE","Queens",68,38,11101,40.739918,-73.947213,402,26,4000680038,104,"QN0201"
"443",1089192,43899,2024-10-30,"Accident","Worker Fell",0,1,"375","WEST 207 STREET","Manhattan",2188,1,10034,40.863599,-73.916537,112,10,1021880001,299,"MN1203"
"444",1036207,45459,2026-01-09,"Not DOB Jurisdiction","Other Construction Related",0,1,"750","3 AVENUE","Manhattan",1301,33,10017,40.753722,-73.972309,106,4,1013010033,92,"MN0604"
"445",1083719,45478,2026-01-15,"Accident","Worker Fell",0,1,"1345","6 AVENUE","Manhattan",1007,29,10105,40.762605,-73.97846,105,6,1010070029,137,"MN0502"
"446",1016047,45481,2026-01-16,"Accident","Worker Fell",0,1,"452","5 AVENUE","Manhattan",841,49,10018,40.752335,-73.982416,105,4,1008410049,84,"MN0502"
"447",1012047,45480,2026-01-16,"Accident","Other Construction Related",0,1,"155","BANK STREET","Manhattan",639,7501,10014,40.736095,-74.009205,102,3,1006390001,79,"MN0203"
"448",2013297,45472,2026-01-14,"Accident","Other Construction Related",0,1,"2075","WEBSTER AVENUE","Bronx",3142,48,10457,40.851741,-73.898493,205,15,2031420048,379,"BX0502"
"449",1089192,43610,2024-08-09,"Incident","Other Construction Related",0,0,"375","WEST 207 STREET","Manhattan",2188,1,10034,40.863599,-73.916537,112,10,1021880001,299,"MN1203"
"450",3251678,43121,2024-04-15,"Accident","Material Failure (Fell)",0,1,"470","KENT AVENUE","Brooklyn",2134,1,11249,40.707947,-73.968433,301,33,3021340001,547,"BK0102"
"451",1083689,45491,2026-01-21,"Accident","Mechanical Construction Equipment",0,1,"511","EAST 20 STREET","Manhattan",978,1,10010,40.733824,-73.97734,106,4,1009780001,60,"MN0601"
"452",1012047,45498,2026-01-22,"Accident","Other Construction Related",0,1,"155","BANK STREET","Manhattan",639,7501,10014,40.736095,-74.009205,102,3,1006390001,79,"MN0203"
"453",4005002,45497,2026-01-22,"Accident","Material Failure (Fell)",0,1,"41-02","CRESCENT STREET","Queens",414,23,11101,40.752027,-73.939299,401,26,4004140023,3301,"QN0105"
"454",2130818,45494,2026-01-21,"Accident","Other Construction Related",0,1,"1298","INWOOD AVENUE","Bronx",2855,51,10452,40.838458,-73.920338,204,16,2028550051,219,"BX0403"
"455",3428908,45506,2026-01-23,"Incident","Scaffold/Shoring Installations",0,0,"1033","47 STREET","Brooklyn",5620,7502,11219,40.639699,-73.996818,312,38,3056200040,114,"BK1201"
"456",1035721,45504,2026-01-23,"Accident","Other Construction Related",0,1,"665","665 5 AVENUE","Manhattan",1288,69,NA,NA,NA,NA,NA,NA,NA,""
"457",1044385,45548,2026-02-02,"Incident","Other Construction Related",0,0,"307","EAST 63 STREET","Manhattan",1438,6,10065,40.762974,-73.962165,108,5,1014380006,110,"MN0801"
"458",1022678,44617,2025-05-20,"Accident","Other Construction Related",0,1,"1211","6 AVENUE","Manhattan",1000,29,10036,40.758393,-73.981537,105,4,1010000029,125,"MN0502"
"459",1091781,44863,2025-07-31,"Accident","Worker Fell",0,1,"32","WEST 48 STREET","Manhattan",1263,55,10036,40.757978,-73.979783,105,4,1012630055,96,"MN0502"
"460",1070711,44618,2025-05-21,"Accident","Worker Fell",0,1,"140","WEST END AVENUE","Manhattan",1158,7504,10023,40.776083,-73.987179,107,6,1011587504,15501,"MN0701"
"461",3251678,42646,2024-01-03,"Accident","Mechanical Construction Equipment",0,1,"480","KENT AVENUE","Brooklyn",2134,1,11249,40.707373,-73.968411,301,33,3021340001,547,"BK0102"
"462",1041930,44626,2025-05-24,"Accident","Worker Fell",0,1,"1026","3 AVENUE","Manhattan",1395,39,10065,40.762668,-73.965786,108,4,1013950039,11402,"MN0802"
"463",1016749,44634,2025-05-28,"Accident","Worker Fell",0,1,"41","MADISON AVENUE","Manhattan",855,37,10010,40.742616,-73.986698,105,2,1008550037,56,"MN0501"
"464",3058177,43720,2024-09-09,"Accident","Material Failure (Fell)",0,1,"144","VANDERBILT AVENUE","Brooklyn",2046,84,11205,40.693625,-73.969939,302,35,3020460084,187,"BK0203"
"465",3034540,44916,2025-08-18,"Incident","Mechanical Construction Equipment",0,0,"975","NOSTRAND AVENUE","Brooklyn",1309,6,11225,40.66479,-73.950982,309,35,3013090006,319,"BK0901"
"466",3025953,44919,2025-08-18,"Incident","Other Construction Related",0,0,"133","PROSPECT PARK WEST","Brooklyn",1091,35,11215,40.665042,-73.976491,306,39,3010910035,167,"BK0602"
"467",1016201,44640,2025-05-30,"Accident","Worker Fell",0,1,"902","BROADWAY","Manhattan",849,16,10010,40.739279,-73.989726,105,2,1008490016,52,"MN0501"
"468",1089192,43300,2024-05-28,"Accident","Worker Fell",0,1,"375","WEST 207 STREET","Manhattan",2188,1,10034,40.863599,-73.916537,112,10,1021880001,299,"MN1203"
"469",1048273,43638,2024-08-16,"Accident","Worker Fell",0,1,"150","EAST 91 STREET","Manhattan",1519,50,10128,40.782533,-73.952924,108,5,1015190050,14802,"MN0802"
"470",1035371,44669,2025-06-05,"Accident","Worker Fell",0,1,"343","MADISON AVENUE","Manhattan",1279,23,10017,40.754253,-73.97821,105,4,1012790023,94,"MN0502"
"471",1090972,44686,2025-06-09,"Accident","Mechanical Construction Equipment",0,1,"42","TRINITY PLACE","Manhattan",19,7501,10006,40.707437,-74.013194,101,1,1000197501,13,"MN0101"
"472",2130818,44417,2025-03-21,"Accident","Worker Fell",0,1,"1298","INWOOD AVENUE","Bronx",2855,51,10452,40.838458,-73.920338,204,16,2028550051,219,"BX0403"
"473",1091865,44689,2025-06-10,"Accident","Other Construction Related",0,1,"39","WEST 128 STREET","Manhattan",1726,17,10027,40.808899,-73.942173,110,9,1017260017,208,"MN1002"
"474",3058215,44676,2025-06-06,"Accident","Other Construction Related",0,1,"71","PRINCE STREET","Brooklyn",2050,100,11201,40.695332,-73.982413,302,35,3020500100,1501,"BK0202"
"475",3256090,44691,2025-06-10,"Accident","Worker Fell",0,1,"75","ROSS STREET","Brooklyn",2181,1,11249,40.703817,-73.963374,301,34,3021810001,545,"BK0103"
"476",3000519,44551,2025-04-29,"Accident","Other Construction Related",0,1,"285","SCHERMERHORN STREET","Brooklyn",166,7501,11217,40.687759,-73.982898,302,33,3001667501,37,"BK0202"
"477",1041930,43182,2024-04-25,"Incident","Mechanical Construction Equipment",0,0,"1026","3 AVENUE","Manhattan",1395,39,10065,40.762668,-73.965786,108,4,1013950039,11402,"MN0802"
"478",4112161,42831,2024-02-15,"Accident","Worker Fell",0,1,"35-18","LEAVITT STREET","Queens",4960,27,11354,40.764459,-73.828892,407,20,4049600027,869,"QN0707"
"479",1016921,44702,2025-06-16,"Accident","Other Construction Related",0,1,"261","5 AVENUE","Manhattan",858,78,10016,40.745131,-73.986957,105,2,1008580078,74,"MN0501"
"480",2010965,44884,2025-08-06,"Accident","Worker Fell",0,1,"1900","LONGFELLOW AVENUE","Bronx",3016,7,10460,40.838969,-73.882285,206,15,2030160007,359,"BX0601"
"481",1084771,44715,2025-06-20,"Accident","Material Failure (Fell)",0,1,"301","PARK AVENUE","Manhattan",1304,7501,10022,40.756648,-73.974358,105,4,1013047501,100,"MN0604"
"482",1015242,44719,2025-06-21,"Accident","Other Construction Related",0,1,"989","6 AVENUE","Manhattan",812,42,10018,40.751394,-73.986635,105,4,1008120045,109,"MN0502"
"483",2001079,44714,2025-06-20,"Accident","Other Construction Related",0,1,"355","EXTERIOR STREET","Bronx",2349,46,10451,40.816046,-73.931166,201,8,2023490046,6301,"BX0401"
"484",1089192,42797,2024-02-07,"Accident","Mechanical Construction Equipment",0,1,"3875","9 AVENUE","Manhattan",2188,1,10034,40.86403,-73.916804,112,10,1021880001,299,"MN1203"
"485",1091855,44607,2025-05-16,"Accident","Worker Fell",0,1,"1299","3 AVENUE","Manhattan",1429,4,10021,40.771378,-73.959402,108,5,1014290004,134,"MN0801"
"486",3429621,42925,2024-03-07,"Incident","Worker Fell",0,1,"875","ERSKINE STREET","Brooklyn",4586,495,11239,40.655529,-73.867753,305,42,3045867506,107001,"BK0504"
"487",3429595,44630,2025-05-27,"Accident","Worker Fell",0,1,"180","ASHLAND PLACE","Brooklyn",2095,26,11217,40.689356,-73.978567,302,35,3020950026,33,"BK0203"
"488",3251678,42789,2024-02-05,"Accident","Material Failure (Fell)",0,1,"490","KENT AVENUE","Brooklyn",2134,1,11249,40.70697,-73.968397,301,33,3021340001,547,"BK0102"
"489",1091781,44728,2025-06-23,"Accident","Worker Fell",0,1,"32","WEST 48 STREET","Manhattan",1263,55,10036,40.757978,-73.979783,105,4,1012630055,96,"MN0502"
"490",1054026,42652,2024-01-04,"Accident","Worker Fell",0,1,"2023","5 AVENUE","Manhattan",1750,1,10035,40.806511,-73.942179,111,9,1017500001,198,"MN1102"
"491",3018646,44730,2025-06-24,"Accident","Other Construction Related",0,1,"85","4 AVENUE","Brooklyn",934,7,11217,40.681608,-73.980192,306,39,3009340007,12901,"BK0602"
"492",2102025,44887,2025-08-07,"Accident","Worker Fell",0,1,"425","EAST FORDHAM ROAD","Bronx",3273,1,10458,40.860843,-73.889744,206,15,2032730001,397,"BX0603"
"493",1027184,44876,2025-08-04,"Accident","Worker Fell",0,1,"755","12 AVENUE","Manhattan",1109,100,10019,40.768668,-73.995404,104,3,1011090100,13501,"MN0402"
"494",3256090,44878,2025-08-05,"Accident","Worker Fell",0,1,"75","ROSS STREET","Brooklyn",2181,1,11249,40.703817,-73.963374,301,34,3021810001,545,"BK0103"
"495",1087239,44937,2025-08-22,"Accident","Worker Fell",0,1,"200","WEST STREET","Manhattan",16,260,10282,40.713846,-74.013812,101,1,1000160260,31703,"MN0101"
"496",3054518,44569,2025-05-03,"Incident","Other Construction Related",0,0,"130","RYERSON STREET","Brooklyn",1891,75,11205,40.694109,-73.965114,302,35,3018910075,191,"BK0204"
"497",1001162,44931,2025-08-22,"Accident","Mechanical Construction Equipment",0,1,"199","WATER STREET","Manhattan",74,7501,10038,40.70727,-74.004314,101,1,1000747501,1502,"MN0101"
"498",1091731,44952,2025-08-27,"Accident","Worker Fell",0,1,"200","EAST 75 STREET","Manhattan",1429,45,10021,40.771548,-73.958849,108,5,1014290045,134,"MN0801"
"499",3251678,43104,2024-04-11,"Accident","Other Construction Related",0,1,"470","KENT AVENUE","Brooklyn",2134,1,11249,40.707947,-73.968433,301,33,3021340001,547,"BK0102"
"500",2017421,44963,2025-08-29,"Accident","Other Construction Related",0,1,"2702","CRESTON AVENUE","Bronx",3314,32,10468,40.867778,-73.894581,207,14,2033140032,40304,"BX0702"
"501",1042055,44981,2025-09-04,"Incident","Other Construction Related",0,0,"140","EAST 63 STREET","Manhattan",1397,7505,10065,40.764592,-73.966052,108,4,1013977505,11402,"MN0802"
"502",2094178,44980,2025-09-04,"Incident","Other Construction Related",0,0,"1140","EAST 229 STREET","Bronx",4905,3,10466,40.886307,-73.845417,212,12,2049050003,458,"BX1202"
"503",1015242,44978,2025-09-04,"Accident","Worker Fell",0,1,"989","6 AVENUE","Manhattan",812,42,10018,40.751394,-73.986635,105,4,1008120045,109,"MN0502"
"504",3000370,44974,2025-09-03,"Accident","Other Construction Related",0,1,"9","DEKALB AVENUE","Brooklyn",149,7503,11201,40.689985,-73.98254,302,33,3001497503,1502,"BK0202"
"505",2120979,44977,2025-09-04,"Accident","Other Construction Related",0,1,"2421","LAFAYETTE AVENUE","Bronx",3702,49,10473,40.824029,-73.843362,209,18,2037020049,98,"BX0903"
"506",3429697,45015,2025-09-10,"Accident","Other Construction Related",0,1,"307","BOND STREET","Brooklyn",438,7,11231,40.679847,-73.989613,306,39,3004380007,75,"BK0601"
"507",1085486,45025,2025-09-11,"Incident","Material Failure (Fell)",0,0,"41","RIVER TERRACE","Manhattan",16,210,10282,40.71793,-74.014523,101,1,1000160210,31703,"MN0101"
"508",1000863,45062,2025-09-19,"Accident","Other Construction Related",0,1,"77","WATER STREET","Manhattan",33,1,10005,40.704275,-74.008681,101,1,1000330001,7,"MN0101"
"509",4623357,42870,2024-02-23,"Accident","Worker Fell",0,1,"51-19","BEACH CHANNEL DRIVE","Queens",15843,1,11691,40.595204,-73.782638,414,31,4158430001,97204,"QN1402"
"510",3251678,43647,2024-08-19,"Accident","Worker Fell",0,1,"480","KENT AVENUE","Brooklyn",2134,1,11249,40.707373,-73.968411,301,33,3021340001,547,"BK0102"
"511",1033691,42837,2024-02-17,"Accident","Worker Fell",0,1,"720","WEST END AVENUE","Manhattan",1243,1,10025,40.794723,-73.973581,107,7,1012430001,183,"MN0702"
"512",3251678,43414,2024-06-22,"Accident","Worker Fell",0,1,"470","KENT AVENUE","Brooklyn",2134,1,11249,40.707947,-73.968433,301,33,3021340001,547,"BK0102"
"513",1033691,44620,2025-05-22,"Accident","Other Construction Related",0,1,"720","WEST END AVENUE","Manhattan",1243,1,10025,40.794723,-73.973581,107,7,1012430001,183,"MN0702"
"514",1091677,45148,2025-10-15,"Accident","Material Failure (Fell)",0,1,"58","WEST 39 STREET","Manhattan",840,81,10018,40.75233,-73.984076,105,4,1008400081,84,"MN0502"
"515",1000060,45552,2026-02-02,"Incident","Worker Fell",0,1,"250","VESEY STREET","Manhattan",16,150,10281,40.714529,-74.015677,101,1,1000160150,31703,"MN0101"
"516",2130439,45167,2025-10-20,"Accident","Worker Fell",0,1,"784","COURTLANDT AVENUE","Bronx",2404,1,10451,40.822396,-73.916801,201,17,2024040001,69,"BX0102"
"517",1024785,45164,2025-10-20,"Accident","Material Failure (Fell)",0,1,"250","WEST 49 STREET","Manhattan",1020,59,10019,40.761193,-73.985478,105,3,1010200059,125,"MN0502"
"518",1091731,45166,2025-10-20,"Accident","Material Failure (Fell)",0,1,"200","EAST 75 STREET","Manhattan",1429,45,10021,40.771548,-73.958849,108,5,1014290045,134,"MN0801"
"519",1091010,45160,2025-10-18,"Accident","Other Construction Related",0,1,"270","PARK AVENUE","Manhattan",1283,21,10017,40.755641,-73.975109,105,4,1012830021,94,"MN0502"
"520",1001245,45153,2025-10-16,"Accident","Worker Fell",0,1,"222","BROADWAY","Manhattan",89,12,10038,40.711313,-74.008661,101,1,1000890012,1501,"MN0101"
"521",3000605,45178,2025-10-23,"Accident","Worker Fell",0,1,"275","ATLANTIC AVENUE","Brooklyn",175,1,11201,40.688896,-73.989969,302,33,3001750001,43,"BK0202"
"522",3000605,45184,2025-10-24,"Incident","Material Failure (Fell)",0,0,"275","ATLANTIC AVENUE","Brooklyn",175,1,11201,40.688896,-73.989969,302,33,3001750001,43,"BK0202"
"523",1015733,44007,2024-11-27,"Accident","Material Failure (Fell)",0,1,"262","5 AVENUE","Manhattan",830,44,10001,40.745081,-73.987019,105,3,1008300044,76,"MN0501"
"524",2130818,44886,2025-08-07,"Accident","Worker Fell",0,1,"1298","INWOOD AVENUE","Bronx",2855,51,10452,40.838458,-73.920338,204,16,2028550051,219,"BX0403"
"525",4438110,44117,2024-12-31,"Accident","Other Construction Related",0,1,"37-16","UNION STREET","Queens",4978,46,11354,40.762215,-73.827425,407,20,4049780046,871,"QN0707"
"526",1087280,45196,2025-10-29,"Accident","Worker Fell",0,1,"134","JANE STREET","Manhattan",641,5,10014,40.738137,-74.009191,102,3,1006410005,79,"MN0203"
"527",1016278,45199,2025-10-29,"Accident","Worker Fell",0,1,"175","5 AVENUE","Manhattan",851,1,10010,40.741132,-73.98987,105,3,1008510001,56,"MN0501"
"528",1035347,45217,2025-10-31,"Accident","Worker Fell",0,1,"6","EAST 43 STREET","Manhattan",1277,8,10017,40.753979,-73.979997,105,4,1012770008,94,"MN0502"
"529",1015242,45209,2025-10-31,"Accident","Worker Fell",0,1,"989","6 AVENUE","Manhattan",812,42,10018,40.751394,-73.986635,105,4,1008120045,109,"MN0502"
"530",3141273,45400,2025-12-23,"Accident","Material Failure (Fell)",0,1,"1260","60 STREET","Brooklyn",5718,16,11219,40.629401,-73.999481,312,44,3057180016,192,"BK1202"
"531",1001004,45374,2025-12-17,"Accident","Worker Fell",0,1,"60","WALL STREET","Manhattan",40,3,10005,40.705914,-74.008609,101,1,1000400003,7,"MN0101"
"532",3429697,45378,2025-12-19,"Incident","Material Failure (Fell)",0,0,"307","Bond street","Brooklyn",438,7,11231,40.679847,-73.989613,306,39,3004380007,75,"BK0601"
"533",1028168,45429,2025-12-31,"Accident","Other Construction Related",0,1,"36","WEST 66 STREET","Manhattan",1118,45,10023,40.772885,-73.979865,107,6,1011187503,149,"MN0701"
"534",3430202,45426,2025-12-30,"Accident","Other Construction Related",0,1,"85","4 AVENUE","Brooklyn",934,1,11217,40.681608,-73.980192,306,39,3009340007,12901,"BK0602"
"535",3107741,45218,2025-10-31,"Accident","Material Failure (Fell)",0,1,"329","CLARKSON AVENUE","Brooklyn",4828,21,11226,40.655503,-73.948826,309,40,3048280021,804,"BK0902"
"536",3426198,43557,2024-07-26,"Accident","Worker Fell",0,1,"532","NEPTUNE AVENUE","Brooklyn",7273,7501,11224,40.579868,-73.973025,313,48,3072737501,354,"BK1302"
"537",3426198,43554,2024-07-25,"Accident","Worker Fell",0,1,"532","NEPTUNE AVENUE","Brooklyn",7273,7501,11224,40.579868,-73.973025,313,48,3072737501,354,"BK1302"
"538",4436926,43733,2024-09-12,"Accident","Worker Fell",0,1,"34-35","44 STREET","Queens",704,1,11101,40.754212,-73.918442,401,22,4007040001,159,"QN0104"
"539",4005002,45240,2025-11-04,"Accident","Worker Fell",0,1,"41-08","CRESCENT STREET","Queens",414,23,11101,40.751972,-73.93935,401,26,4004140023,3301,"QN0105"
"540",3000605,45254,2025-11-08,"Accident","Other Construction Related",0,1,"275","ATLANTIC AVENUE","Brooklyn",175,1,11201,40.688896,-73.989969,302,33,3001750001,43,"BK0202"
"541",2097318,45236,2025-11-04,"Accident","Worker Fell",0,1,"2921","PAUL AVENUE","Bronx",3247,1,10468,40.871842,-73.893573,207,11,2032470001,409,"BX0702"
"542",1036144,45235,2025-11-04,"Accident","Worker Fell",0,1,"101","PARK AVENUE","Manhattan",1295,1,10178,40.750992,-73.978485,105,4,1012950001,80,"MN0603"
"543",1035721,45238,2025-11-05,"Accident","Worker Fell",0,1,"665","5 AVENUE","Manhattan",1288,69,10022,40.760154,-73.97601,105,4,1012880069,102,"MN0502"
"544",1084476,45262,2025-11-10,"Accident","Worker Fell",0,1,"530","WEST 120 STREET","Manhattan",1973,1,10027,40.809752,-73.960217,109,7,1019730001,203,"MN0901"
"545",1024785,45276,2025-11-14,"Accident","Worker Fell",0,1,"250","WEST 49 STREET","Manhattan",1020,59,10019,40.761193,-73.985478,105,3,1010200059,125,"MN0502"
"546",1028235,45288,2025-11-18,"Notification","Other Construction Related",0,1,"149","COLUMBUS AVENUE","Manhattan",1119,61,10023,40.773911,-73.981334,107,6,1011190061,15301,"MN0701"
"547",1091855,45274,2025-11-14,"Accident","Worker Fell",0,1,"1299","3 AVENUE","Manhattan",1429,4,10021,40.771378,-73.959402,108,5,1014290004,134,"MN0801"
"548",2130818,45284,2025-11-17,"Accident","Worker Fell",0,1,"1298","INWOOD AVENUE","Bronx",2855,51,10452,40.838458,-73.920338,204,16,2028550051,219,"BX0403"
"549",2110061,45287,2025-11-18,"Accident","Worker Fell",0,1,"171","WEST 239 STREET","Bronx",3271,150,10463,40.885358,-73.898409,208,11,2032710150,283,"BX0802"
"550",1016047,45555,2026-02-03,"Incident","Mechanical Construction Equipment",0,1,"452","5 AVENUE","Manhattan",841,49,10018,40.752335,-73.982416,105,4,1008410049,84,"MN0502"
"551",1000868,45540,2026-01-31,"Accident","Other Construction Related",0,1,"111","WALL STREET","Manhattan",35,10,10005,40.704553,-74.006636,101,1,1000350010,7,"MN0101"
